"State","District","Crop_Year","Season","Crop","Area","Production","Rainfall","Temperature","Humidity","Soil_Type","Fertilizer_Usage","Yield"
"Karnataka","Ludhiana","2019","Rabi","Maize","109.07","543.871","500.6","38.7","45.5","Clay","149.1","4.881"
"Maharashtra","Karnal","2006","Rabi","Soybean","139.61","590.272","1088.5","35.8","45.6","Sandy","56.9","4.175"
"Uttar Pradesh","Mysuru","2014","Rabi","Maize","147.74","887.152","805.2","20.6","63.7","Black","323.6","6.017"
"Karnataka","Karnal","2016","Zaid","Soybean","227.43","968.044","624.4","34.1","47.6","Laterite","238.8","4.267"
"Haryana","Mysuru","2009","Zaid","Maize","165.18","831.031","1477","38.2","72.6","Red","145.8","5.091"
"Uttar Pradesh","Nashik","2009","Kharif","Maize","71.46","371.161","1209.3","33","63.6","Red","43.6","5.124"
"Maharashtra","Nashik","2018","Kharif","Rice","212.24","1207.019","721.3","28","88.5","Sandy","156.7","5.647"
"Maharashtra","Nagpur","2022","Kharif","Sugarcane","243.12","1736.082","650.9","25.9","62.3","Red","181.4","7.161"
"Punjab","Coimbatore","2015","Kharif","Wheat","163.93","1059.893","664.4","28.2","60.2","Laterite","339.3","6.507"
"Karnataka","Mysuru","2020","Zaid","Sugarcane","53.81","367.069","657.8","32.9","60","Alluvial","173","7.039"
"Tamil Nadu","Karnal","2006","Rabi","Maize","177.02","885.926","1099.2","35.6","50","Sandy","113.6","5.025"
"Karnataka","Kanpur","2015","Kharif","Cotton","188.34","971.37","1239.1","22.9","93.6","Black","202.8","5.217"
"Haryana","Coimbatore","2015","Rabi","Soybean","47.97","251.611","670.2","36.7","86.5","Black","299","5.241"
"Punjab","Karnal","2006","Kharif","Wheat","141.62","1001","1404.4","32.1","72.3","Black","128.3","7.148"
"Karnataka","Amritsar","2023","Rabi","Rice","152.61","803.782","742.9","38.7","60.3","Laterite","229.7","5.223"
"Haryana","Amritsar","2019","Rabi","Maize","45.4","331.985","1371","18.8","88.8","Black","308.7","7.112"
"Uttar Pradesh","Ludhiana","2009","Zaid","Sugarcane","159.66","1182.954","897.5","21.1","88.5","Clay","169.9","7.371"
"Tamil Nadu","Amritsar","2009","Kharif","Sugarcane","133.56","1005.007","985.9","30.9","82.6","Alluvial","49.7","7.533"
"Punjab","Mysuru","2009","Zaid","Rice","209.81","1232.977","1124","23.2","61.1","Black","212.1","5.91"
"Karnataka","Ludhiana","2010","Rabi","Cotton","122.01","534.637","816.3","23.2","42.1","Black","40.4","4.327"
"Uttar Pradesh","Ludhiana","2013","Rabi","Rice","85.78","492.928","844.7","22.3","43.2","Sandy","303.2","5.863"
"Karnataka","Karnal","2021","Zaid","Soybean","77.09","313.911","933","37.8","59","Clay","162.6","4.168"
"Karnataka","Karnal","2012","Kharif","Soybean","65.19","338.037","1235.9","18.6","68.8","Clay","61","5.009"
"Haryana","Kanpur","2022","Rabi","Wheat","62.49","415.495","803.1","37.7","89.2","Alluvial","220.5","6.737"
"Maharashtra","Coimbatore","2015","Zaid","Rice","233.04","1298.792","1076.1","31.1","84.2","Alluvial","98.2","5.596"
"Maharashtra","Mysuru","2019","Kharif","Rice","186.97","1008.024","544","20","74.9","Laterite","303.8","5.355"
"Maharashtra","Kanpur","2007","Rabi","Maize","227.23","1178.213","749.1","36.7","91.6","Red","206.1","5.219"
"Maharashtra","Amritsar","2019","Rabi","Maize","197.59","1339.736","1237.6","27.2","83.7","Black","307.1","6.79"
"Karnataka","Amritsar","2023","Kharif","Sugarcane","121.03","887.898","855.7","20.5","40.8","Alluvial","129.8","7.299"
"Punjab","Amritsar","2013","Rabi","Cotton","138.05","678.633","1238.7","37.3","50.4","Alluvial","52.6","4.947"
"Karnataka","Amritsar","2018","Rabi","Maize","118.8","692.869","1146.4","30.2","43.7","Sandy","256.9","5.759"
"Punjab","Nashik","2006","Rabi","Soybean","145.38","744.594","1039.1","20","61","Sandy","181.2","5.196"
"Tamil Nadu","Amritsar","2018","Kharif","Wheat","188.82","1218.087","1365.3","19.3","56.3","Laterite","180.9","6.486"
"Tamil Nadu","Ludhiana","2020","Rabi","Maize","217.03","1287.542","898.8","31.3","54.4","Laterite","293.2","5.986"
"Punjab","Karnal","2007","Zaid","Maize","130.14","785.305","1360.5","34.1","94.7","Laterite","311.5","6.105"
"Uttar Pradesh","Amritsar","2009","Zaid","Soybean","49.52","215.438","467.3","19.9","48.7","Sandy","288","4.399"
"Uttar Pradesh","Nagpur","2007","Rabi","Soybean","85.65","452.895","1480.3","32.1","76.5","Sandy","104.5","5.415"
"Uttar Pradesh","Karnal","2014","Kharif","Soybean","129.26","606.205","697.9","21.7","51","Laterite","228.6","4.655"
"Tamil Nadu","Coimbatore","2008","Rabi","Soybean","239.88","1397.677","1044.1","29","92.5","Alluvial","268.4","5.857"
"Uttar Pradesh","Mysuru","2017","Kharif","Rice","185.99","997.689","1360.7","38.6","41.1","Red","105.8","5.347"
"Maharashtra","Ludhiana","2018","Zaid","Rice","227.89","1070.956","791.9","22","81.1","Black","50.4","4.656"
"Haryana","Amritsar","2009","Rabi","Wheat","134.22","1020.593","1457.2","36.6","54.7","Laterite","318.8","7.624"
"Karnataka","Amritsar","2022","Zaid","Sugarcane","20.29","157.084","1109.9","18.9","49.6","Red","226.6","7.599"
"Uttar Pradesh","Karnal","2017","Rabi","Rice","207.51","1253.233","734.4","34.6","49","Black","236.1","6.063"
"Uttar Pradesh","Karnal","2014","Rabi","Sugarcane","22.13","166.711","779.4","37.2","74.2","Sandy","177.6","7.592"
"Maharashtra","Ludhiana","2014","Kharif","Soybean","221.59","935.611","1206.5","19.8","45.6","Sandy","53","4.271"
"Tamil Nadu","Karnal","2005","Rabi","Sugarcane","182.88","1522.788","1266.7","18.6","43.3","Clay","240.8","8.371"
"Maharashtra","Amritsar","2017","Rabi","Cotton","242.66","1480.415","1319.6","35.1","56.6","Alluvial","311.9","6.081"
"Maharashtra","Karnal","2016","Zaid","Rice","93.03","461.755","835.2","23.9","52.4","Black","134.6","5.028"
"Tamil Nadu","Nashik","2005","Zaid","Sugarcane","45.7","355.393","1122.6","38.2","61.9","Alluvial","143.9","7.711"
"Uttar Pradesh","Amritsar","2012","Kharif","Maize","217.36","1087.714","669.5","36.4","71.2","Black","231.1","4.972"
"Haryana","Mysuru","2020","Zaid","Soybean","198.21","906.17","837.7","34.4","73.3","Sandy","240.7","4.598"
"Karnataka","Mysuru","2007","Zaid","Wheat","15.49","93.684","582.5","30.5","53.4","Laterite","185","5.467"
"Karnataka","Mysuru","2014","Zaid","Rice","162.63","811.097","678.7","30","64.4","Laterite","199.1","4.98"
"Maharashtra","Coimbatore","2007","Zaid","Maize","238.09","1425.992","864.6","34.5","92.2","Alluvial","313.3","6.025"
"Tamil Nadu","Coimbatore","2016","Rabi","Maize","80.3","455.366","772.6","30","79.9","Alluvial","163.3","5.555"
"Punjab","Nagpur","2022","Kharif","Rice","177.56","1069.834","1189.4","33.3","48.5","Laterite","240.9","6.068"
"Maharashtra","Karnal","2018","Kharif","Cotton","127.28","671.402","1013.7","25.9","83.5","Clay","198.4","5.242"
"Karnataka","Karnal","2011","Rabi","Sugarcane","219.54","1846.513","517.1","19","83.4","Black","306.2","8.45"
"Karnataka","Mysuru","2010","Kharif","Rice","51.92","303.795","1236.7","28","45.1","Black","120.5","6.065"
"Tamil Nadu","Karnal","2023","Kharif","Wheat","54.93","318.569","1147.7","31.7","40.6","Red","112","5.876"
"Maharashtra","Karnal","2011","Zaid","Maize","228.16","1181.052","566.7","29.2","68.1","Red","328.3","5.222"
"Karnataka","Nagpur","2009","Rabi","Sugarcane","180.73","1391.862","772.4","20.9","43.5","Black","155.5","7.729"
"Karnataka","Mysuru","2007","Kharif","Soybean","189.79","1048.665","1343.2","19.8","42.1","Alluvial","164.4","5.498"
"Haryana","Coimbatore","2018","Rabi","Sugarcane","175.88","1613.103","1436.9","37.5","86","Laterite","289.2","9.208"
"Tamil Nadu","Coimbatore","2014","Kharif","Maize","220.39","1046.208","518.8","18.8","86.9","Red","158.4","4.738"
"Uttar Pradesh","Coimbatore","2006","Zaid","Sugarcane","25.73","188.899","784","23.3","70.4","Black","70.7","7.054"
"Uttar Pradesh","Ludhiana","2013","Rabi","Wheat","244.39","1580.038","1182.7","28.1","53.3","Red","128","6.446"
"Uttar Pradesh","Karnal","2023","Rabi","Maize","22.45","142.892","659","31.1","88.4","Clay","331.8","6.16"
"Tamil Nadu","Karnal","2008","Kharif","Sugarcane","249.49","1978.17","1082.9","24.2","66.5","Black","75.6","7.902"
"Maharashtra","Karnal","2006","Zaid","Maize","138.81","598.38","719.7","38","92.9","Laterite","87.5","4.269"
"Tamil Nadu","Amritsar","2018","Zaid","Soybean","244.89","1081.346","885.8","37.2","63.5","Black","141.9","4.443"
"Karnataka","Ludhiana","2016","Rabi","Maize","6.8","32.999","990.1","26.3","72","Red","193.2","5.691"
"Maharashtra","Ludhiana","2022","Rabi","Sugarcane","9.06","79.479","1537.7","24.9","46.7","Alluvial","278.6","9.225"
"Tamil Nadu","Karnal","2013","Rabi","Wheat","14.2","89.998","1200.8","18.8","80.1","Clay","70.7","6.528"
"Tamil Nadu","Amritsar","2019","Kharif","Rice","193.65","953.858","742.7","22.2","80","Red","67.3","4.92"
"Tamil Nadu","Amritsar","2009","Zaid","Sugarcane","71.54","563.688","1440","35.5","94.8","Red","128.6","7.713"
"Punjab","Mysuru","2007","Kharif","Maize","145.45","874.691","1538.8","30.4","72","Sandy","183","6.057"
"Maharashtra","Ludhiana","2019","Rabi","Cotton","197","928.131","1517.2","35.6","41.4","Black","68","4.723"
"Tamil Nadu","Coimbatore","2005","Kharif","Sugarcane","85.36","633.062","841.9","37.7","64","Clay","88","7.366"
"Tamil Nadu","Kanpur","2013","Zaid","Wheat","191.5","1240.85","1130.9","31.7","78.8","Laterite","239","6.453"
"Maharashtra","Nagpur","2011","Zaid","Soybean","71.49","371.329","1111.8","24.1","67.4","Black","173.2","5.12"
"Punjab","Coimbatore","2012","Rabi","Maize","53.31","284.482","549.6","27.6","66.6","Laterite","214.1","5.357"
"Uttar Pradesh","Kanpur","2006","Zaid","Soybean","224.6","1088.382","1266.1","37.9","82.4","Clay","101.3","4.796"
"Maharashtra","Ludhiana","2005","Kharif","Soybean","48.25","266.677","1443.1","37.8","58.5","Clay","191.5","5.556"
"Haryana","Kanpur","2014","Zaid","Rice","46.04","287.11","1530.9","33.2","43.8","Red","249.5","6.462"
"Maharashtra","Coimbatore","2018","Zaid","Maize","234.95","1237.929","1549.8","22.7","43.6","Sandy","212.4","5.317"
"Karnataka","Mysuru","2009","Zaid","Rice","77.94","481.179","825.4","24.7","84.5","Clay","286.6","6.243"
"Haryana","Nashik","2012","Kharif","Rice","34.16","200.695","609.3","26","67.4","Clay","211.2","5.679"
"Tamil Nadu","Karnal","2015","Zaid","Sugarcane","205.06","1357.72","758.9","34.3","56","Laterite","59.8","6.664"
"Karnataka","Kanpur","2007","Zaid","Soybean","186.93","871.619","1068.7","20.8","56.8","Black","116.2","4.681"
"Maharashtra","Kanpur","2011","Zaid","Cotton","8.65","49.233","1290.1","23","75.3","Clay","319.1","5.368"
"Uttar Pradesh","Kanpur","2010","Zaid","Soybean","137.67","648.595","771.8","37","68.4","Clay","279.1","4.749"
"Tamil Nadu","Kanpur","2016","Kharif","Wheat","164.02","802.967","537.4","25.9","43.8","Sandy","97.2","4.937"
"Karnataka","Nagpur","2009","Kharif","Maize","172.11","1058.432","1567.7","35.6","92.8","Alluvial","122.2","6.148"
"Punjab","Mysuru","2018","Rabi","Wheat","207.81","1174.062","470.2","19.2","65.1","Red","163.1","5.629"
"Punjab","Kanpur","2006","Kharif","Wheat","114.56","717.903","729.8","19.6","80.4","Clay","145.9","6.209"
"Karnataka","Coimbatore","2007","Kharif","Sugarcane","54.67","493.221","1461.4","21.4","87","Red","336.1","9.223"
"Haryana","Karnal","2009","Kharif","Rice","8.09","42.874","997.4","21.2","68.2","Alluvial","336.9","6.783"
"Uttar Pradesh","Mysuru","2023","Kharif","Soybean","164.41","868.705","1399.1","24.9","73.4","Red","140.4","5.271"
"Maharashtra","Nashik","2018","Kharif","Rice","176.27","912.653","1097.6","32.2","47.4","Clay","60","5.16"
"Uttar Pradesh","Mysuru","2013","Kharif","Rice","89.55","522.038","874.7","22.2","52.4","Clay","228.1","5.872"
"Karnataka","Coimbatore","2012","Zaid","Wheat","127.65","774.136","1378.8","29.8","57.4","Sandy","150.1","6.07"
"Punjab","Amritsar","2022","Rabi","Cotton","13.99","52.465","537.8","26.4","51.7","Sandy","83.5","3.936"
"Uttar Pradesh","Karnal","2017","Kharif","Wheat","155.29","1070.239","1422.2","27.7","78.6","Red","153.9","6.926"
"Tamil Nadu","Coimbatore","2008","Kharif","Sugarcane","61.56","467.885","1093.8","26.5","40.2","Black","94.3","7.503"
"Maharashtra","Amritsar","2013","Zaid","Sugarcane","125.98","811.886","693","22.5","61.8","Black","78.6","6.516"
"Haryana","Coimbatore","2005","Kharif","Rice","124.85","821.041","1094.6","21.8","74.6","Black","274.9","6.561"
"Karnataka","Kanpur","2023","Zaid","Maize","102","538.226","1134.6","23.4","79.5","Laterite","133.4","5.163"
"Punjab","Amritsar","2020","Kharif","Wheat","53.13","354.956","1178.8","30.8","46.1","Black","213.1","6.871"
"Karnataka","Amritsar","2017","Rabi","Sugarcane","87.64","693.923","665.3","27.6","53.1","Sandy","198.2","7.846"
"Karnataka","Mysuru","2014","Kharif","Soybean","122.37","578.476","485.2","33.9","48.1","Laterite","309.7","4.8"
"Haryana","Ludhiana","2014","Kharif","Rice","235.98","1363.876","476","30.4","49.4","Alluvial","275.5","5.797"
"Tamil Nadu","Karnal","2017","Zaid","Cotton","65.8","350.265","1592","32.7","82","Laterite","224.9","5.156"
"Karnataka","Mysuru","2008","Rabi","Wheat","82.7","534.749","517.7","22.2","53.4","Laterite","250.9","6.344"
"Punjab","Kanpur","2015","Kharif","Rice","246.59","1554.306","1012.3","35.2","75.7","Alluvial","276.9","6.274"
"Uttar Pradesh","Karnal","2019","Kharif","Soybean","190.58","939.223","1120.1","25.2","75.1","Laterite","67.6","4.902"
"Tamil Nadu","Kanpur","2005","Zaid","Rice","146.93","881.864","870.5","31.3","43.8","Red","333.7","5.989"
"Karnataka","Mysuru","2022","Kharif","Cotton","140.6","807.988","1066.4","32.7","70.8","Black","317.9","5.714"
"Haryana","Kanpur","2022","Rabi","Maize","13.82","82.224","942.8","37.7","94.7","Black","338","6.268"
"Karnataka","Karnal","2005","Kharif","Sugarcane","244.38","1828.072","511.1","21.5","87","Black","140.7","7.496"
"Uttar Pradesh","Nashik","2013","Rabi","Soybean","97.25","387.657","531.8","34.8","48.7","Sandy","194.2","4.052"
"Haryana","Coimbatore","2008","Rabi","Sugarcane","224.36","1863.816","1284.5","18.5","67.2","Laterite","179.4","8.334"
"Haryana","Karnal","2015","Rabi","Wheat","21.13","112.904","725.2","34.4","67","Clay","64.5","5.49"
"Uttar Pradesh","Nashik","2021","Rabi","Rice","62.03","383.71","584.5","33.6","48.9","Black","280.4","6.123"
"Uttar Pradesh","Nagpur","2015","Zaid","Sugarcane","92.87","723.784","1263.1","25.9","62.5","Sandy","127.4","7.674"
"Tamil Nadu","Ludhiana","2015","Zaid","Maize","186.48","1058.257","1215.3","26.6","40.2","Clay","237.9","5.728"
"Maharashtra","Nashik","2014","Kharif","Rice","60.52","358.508","965.2","20.4","44.6","Clay","318.4","5.747"
"Tamil Nadu","Nagpur","2007","Kharif","Sugarcane","234.9","2022.09","1285.3","33.7","86.4","Laterite","300.9","8.653"
"Maharashtra","Mysuru","2017","Kharif","Rice","11.23","65.176","1102.5","36.2","54.2","Red","194.7","5.688"
"Punjab","Amritsar","2013","Zaid","Wheat","16.51","90.787","535.5","24","82.3","Clay","142.5","5.826"
"Punjab","Ludhiana","2006","Zaid","Sugarcane","200.05","1634.11","910.6","25.8","81.5","Red","319.7","8.195"
"Tamil Nadu","Amritsar","2021","Rabi","Soybean","49.89","298.478","1122.1","24.8","44.3","Clay","259.7","6.109"
"Karnataka","Amritsar","2016","Rabi","Rice","197.15","1113.869","1254.7","37.9","50.6","Black","45.1","5.625"
"Tamil Nadu","Ludhiana","2021","Zaid","Sugarcane","242.57","1979.071","1285.5","34","71.2","Alluvial","200.4","8.16"
"Maharashtra","Nashik","2021","Rabi","Cotton","6.91","34.645","875.1","29.4","68.3","Red","247.3","5.173"
"Haryana","Mysuru","2006","Zaid","Wheat","139.03","962.773","1456.3","20.1","94.6","Clay","145","6.976"
"Punjab","Coimbatore","2009","Rabi","Maize","139.69","678.779","538.4","30.4","70.5","Black","62.3","4.842"
"Punjab","Nashik","2015","Zaid","Soybean","247.53","1380.191","1076","37.2","51.9","Clay","306.8","5.611"
"Maharashtra","Kanpur","2023","Rabi","Cotton","101.4","370.825","477.8","19.9","84.7","Sandy","41.1","3.589"
"Punjab","Kanpur","2008","Zaid","Sugarcane","224.12","1542.573","639.9","23.7","66.7","Red","51.4","6.877"
"Punjab","Nashik","2009","Rabi","Rice","191.89","1263.244","946.1","31.7","79","Clay","227.8","6.542"
"Maharashtra","Karnal","2005","Kharif","Rice","68.74","416.914","1032.3","33.2","63.1","Clay","331.3","6.116"
"Tamil Nadu","Ludhiana","2018","Zaid","Wheat","161.92","1138.355","1495.3","27.8","76.8","Alluvial","274.8","7.06"
"Karnataka","Nashik","2020","Zaid","Sugarcane","165.57","1308.419","1186.4","31.7","61.7","Black","239.7","7.946"
"Karnataka","Karnal","2008","Kharif","Sugarcane","154.8","1121.75","589.7","35.6","64","Clay","212.8","7.302"
"Maharashtra","Coimbatore","2013","Kharif","Sugarcane","127.98","1109.644","1140.7","37.4","58.5","Alluvial","295.2","8.622"
"Haryana","Amritsar","2013","Rabi","Wheat","190.1","1478.926","977.4","26.6","85.9","Alluvial","315","7.765"
"Punjab","Amritsar","2023","Kharif","Rice","214.96","1347.119","1475.1","24.4","54.5","Laterite","203.3","6.278"
"Maharashtra","Nashik","2018","Kharif","Rice","100.38","586.29","1298.1","22.5","53.7","Alluvial","124.4","5.763"
"Tamil Nadu","Ludhiana","2008","Zaid","Rice","13.4","83.608","1171.4","34.5","68.3","Laterite","163.4","5.717"
"Haryana","Karnal","2008","Zaid","Soybean","11.24","56.388","812.3","22","88.5","Clay","278.7","5.337"
"Uttar Pradesh","Kanpur","2014","Zaid","Sugarcane","226.49","1759.731","522.3","31.1","82.5","Sandy","334","7.789"
"Tamil Nadu","Nagpur","2022","Rabi","Rice","60.23","331.608","840.8","24.4","78","Clay","43.1","5.514"
"Karnataka","Mysuru","2017","Rabi","Maize","68.36","406.507","610.8","31.5","67.9","Black","295.3","5.831"
"Uttar Pradesh","Coimbatore","2014","Kharif","Sugarcane","158.49","1226.297","775.7","21.1","66.7","Black","272.8","7.803"
"Tamil Nadu","Mysuru","2007","Zaid","Wheat","36.76","186.07","583","37.6","42.4","Sandy","213.5","5.04"
"Karnataka","Coimbatore","2010","Zaid","Wheat","222.38","1401.19","1193.1","25.7","86.9","Sandy","117.2","6.273"
"Karnataka","Coimbatore","2016","Kharif","Sugarcane","219.37","1812.997","1575.4","18","75","Clay","130.7","8.291"
"Haryana","Coimbatore","2015","Rabi","Rice","98.38","470.893","498.2","26.7","55.9","Sandy","50.1","4.881"
"Haryana","Nashik","2022","Kharif","Sugarcane","55.31","483.113","1453","20.7","87.2","Sandy","244.5","8.59"
"Karnataka","Kanpur","2017","Kharif","Cotton","50.8","200.86","697.3","24","47.1","Sandy","180.6","3.95"
"Punjab","Mysuru","2020","Kharif","Soybean","156.6","997.737","1307.9","29","71.6","Red","309.4","6.301"
"Uttar Pradesh","Coimbatore","2008","Rabi","Maize","121.11","709.368","596.9","23.2","82.2","Black","326.9","5.773"
"Haryana","Nagpur","2012","Zaid","Cotton","178.2","757.623","553.7","23.8","81.6","Black","177.8","4.265"
"Punjab","Kanpur","2007","Kharif","Sugarcane","226.14","1743.224","545.9","26.3","73.4","Laterite","211.2","7.74"
"Haryana","Ludhiana","2005","Zaid","Rice","49.82","297.386","1440.5","22.7","65.1","Clay","181.7","5.909"
"Maharashtra","Ludhiana","2016","Rabi","Maize","152.55","1125.363","1584.4","27.3","62.1","Black","331.1","7.358"
"Punjab","Nagpur","2022","Zaid","Soybean","101.88","512.389","1053.9","31.5","66.8","Laterite","239.7","4.994"
"Punjab","Kanpur","2021","Kharif","Maize","43.69","256.095","1169.2","19.3","86.7","Black","123.6","5.706"
"Tamil Nadu","Amritsar","2022","Rabi","Soybean","230.22","1354.856","718.8","33.5","73.7","Black","324.7","5.935"
"Punjab","Nashik","2022","Zaid","Rice","203.19","1348.488","1503.6","21.2","86.3","Black","187.4","6.642"
"Haryana","Amritsar","2015","Rabi","Cotton","95.3","415.226","649.9","22.1","77","Red","91.4","4.42"
"Uttar Pradesh","Mysuru","2011","Rabi","Wheat","203.98","1220.811","1446","35.9","55.8","Laterite","90.2","6.033"
"Uttar Pradesh","Nagpur","2012","Rabi","Soybean","235.14","1417.967","1325.7","25.4","74.9","Red","208.1","6.015"
"Karnataka","Nashik","2012","Rabi","Wheat","19.86","140.041","639.6","23.9","93.2","Laterite","271","6.563"
"Uttar Pradesh","Karnal","2015","Kharif","Cotton","41.21","199.376","1521.1","22.5","72","Laterite","158.2","4.889"
"Karnataka","Mysuru","2023","Rabi","Wheat","83.56","476.798","688.6","22.1","52.5","Alluvial","110.7","5.578"
"Uttar Pradesh","Nagpur","2020","Rabi","Maize","120.8","802.92","1221.9","22.6","82.9","Black","313.7","6.65"
"Karnataka","Kanpur","2007","Rabi","Sugarcane","165.43","1312.13","1288.5","31.6","78.5","Sandy","86","7.954"
"Karnataka","Nashik","2014","Rabi","Wheat","101.51","518.787","618.4","26.3","51.8","Sandy","59.8","5.223"
"Punjab","Nagpur","2009","Rabi","Rice","231.28","1600.582","1261.7","23.6","87.5","Clay","249.4","6.908"
"Haryana","Nashik","2012","Rabi","Soybean","79.94","477.13","1276.4","31.3","47.8","Red","245.4","5.831"
"Karnataka","Nashik","2005","Rabi","Maize","92.92","494.269","993.3","23.6","82.5","Sandy","151.4","5.414"
"Punjab","Ludhiana","2008","Rabi","Soybean","206.41","1134.786","1199.9","32.8","48.4","Red","258.8","5.536"
"Maharashtra","Ludhiana","2019","Kharif","Wheat","73.66","483.076","1104.6","22.3","82.1","Sandy","297.6","6.641"
"Uttar Pradesh","Mysuru","2019","Kharif","Rice","26.01","134.181","720.5","32.4","55.2","Sandy","147","5.055"
"Haryana","Amritsar","2016","Kharif","Wheat","215.15","1295.655","1158.8","29.2","78.2","Laterite","93.7","5.997"
"Haryana","Kanpur","2010","Rabi","Cotton","130.97","778.253","1355.5","21.5","68.1","Sandy","317.1","5.972"
"Tamil Nadu","Nashik","2016","Zaid","Rice","175.59","1027.743","931.7","19.9","81.9","Clay","313.3","5.836"
"Karnataka","Ludhiana","2013","Rabi","Maize","175.62","1010.044","1517.9","18.7","78.1","Red","119","5.716"
"Uttar Pradesh","Karnal","2009","Zaid","Rice","77.25","392.581","596.5","19.9","65.9","Laterite","326.6","5.236"
"Punjab","Ludhiana","2023","Kharif","Sugarcane","39.6","334.61","1494.4","30.3","60.6","Sandy","100.6","8.475"
"Karnataka","Kanpur","2014","Kharif","Rice","199.58","951.501","1093.1","36.5","45.2","Sandy","82.2","4.759"
"Tamil Nadu","Karnal","2023","Rabi","Cotton","108.49","691.624","1434.8","25","71.9","Clay","284.1","6.481"
"Haryana","Mysuru","2011","Zaid","Cotton","84.65","366.904","639.6","25.3","71.3","Black","222.5","4.345"
"Maharashtra","Coimbatore","2017","Zaid","Wheat","108.21","571.474","1031.5","24.9","42.2","Clay","74.6","5.344"
"Maharashtra","Ludhiana","2005","Zaid","Rice","161.02","798.232","1000","19.1","56.9","Clay","80","5.012"
"Uttar Pradesh","Kanpur","2022","Rabi","Maize","219.4","1077.87","854.6","27","45.8","Red","147.6","4.916"
"Haryana","Mysuru","2021","Kharif","Wheat","187.18","1307.768","1398.8","35.6","72.1","Alluvial","141","7.015"
"Tamil Nadu","Amritsar","2020","Kharif","Maize","156.64","785.295","909.6","19.5","71.5","Laterite","205.2","5.067"
"Uttar Pradesh","Nagpur","2007","Kharif","Wheat","121.52","841.359","1302.5","29.9","79","Alluvial","186.8","6.973"
"Maharashtra","Karnal","2021","Rabi","Maize","102.16","429.135","463.1","36.3","70.2","Alluvial","91","4.229"
"Karnataka","Kanpur","2009","Zaid","Maize","79.9","420.206","482.8","31","58.6","Clay","317.4","5.338"
"Haryana","Kanpur","2011","Kharif","Sugarcane","162.25","1258.599","1152.3","37.9","88.4","Black","42.9","7.804"
"Punjab","Mysuru","2007","Kharif","Cotton","108.79","580.832","1308.2","20.1","44.4","Sandy","190.7","5.362"
"Maharashtra","Coimbatore","2019","Rabi","Maize","140.02","968.418","1528.5","28.2","54.2","Alluvial","271.8","6.912"
"Uttar Pradesh","Coimbatore","2022","Zaid","Maize","12.67","52.128","901.2","32","48.5","Red","162.6","4.651"
"Punjab","Kanpur","2012","Rabi","Soybean","136.16","811.461","1594.7","18.6","93.1","Black","159.3","5.906"
"Haryana","Karnal","2012","Zaid","Cotton","231.32","871.543","636.2","28.8","41.4","Black","60","3.737"
"Haryana","Karnal","2012","Zaid","Cotton","236.72","1095.049","979.5","31.6","54","Black","226.9","4.601"
"Tamil Nadu","Nashik","2016","Kharif","Rice","176.26","938.76","585.9","19.6","43.2","Clay","171.9","5.385"
"Tamil Nadu","Coimbatore","2023","Zaid","Soybean","179.19","939.682","1509.9","19.2","67.8","Sandy","268.2","5.282"
"Maharashtra","Nagpur","2017","Zaid","Wheat","5.08","32.935","829","27.7","40.6","Alluvial","102.9","5.44"
"Punjab","Karnal","2011","Rabi","Rice","156.86","1064.148","1312","25.5","44.9","Alluvial","187.6","6.8"
"Haryana","Nashik","2015","Rabi","Cotton","168.72","756.823","540.4","19.1","90.6","Alluvial","58.3","4.443"
"Karnataka","Nashik","2022","Kharif","Soybean","171.17","950.532","1288.4","26.8","78.1","Alluvial","191.5","5.566"
"Maharashtra","Ludhiana","2008","Zaid","Maize","48.46","232.342","729.2","23.5","77.5","Clay","172.3","4.908"
"Karnataka","Nagpur","2014","Rabi","Sugarcane","135.39","1153.56","1318.4","23.5","50.1","Clay","178.2","8.603"
"Karnataka","Nagpur","2014","Rabi","Wheat","157.66","908.091","622.4","21.5","74","Clay","80.7","5.756"
"Tamil Nadu","Nagpur","2008","Zaid","Maize","144.57","732.061","586.9","31.8","46","Red","327","5.09"
"Uttar Pradesh","Mysuru","2006","Rabi","Cotton","175.33","927.766","1281","26","76.9","Black","49.9","5.275"
"Punjab","Karnal","2020","Rabi","Wheat","150.76","1000.89","1415.3","21","50.9","Sandy","146.2","6.631"
"Tamil Nadu","Nashik","2008","Kharif","Soybean","116.02","633.683","818.8","18","90.6","Clay","184.9","5.361"
"Maharashtra","Amritsar","2023","Zaid","Sugarcane","229.35","1774.936","1595.1","26.6","42.8","Laterite","74.8","7.79"
"Uttar Pradesh","Mysuru","2018","Kharif","Wheat","80.05","511.62","1130.6","33.9","81.8","Laterite","127.8","6.395"
"Maharashtra","Ludhiana","2010","Rabi","Maize","117.44","690.478","1175.1","30.3","41.5","Clay","216.4","5.79"
"Maharashtra","Coimbatore","2019","Rabi","Wheat","232.11","1369.61","1176.5","36.7","59.5","Black","57.2","5.905"
"Haryana","Kanpur","2021","Kharif","Cotton","116.26","523.698","1068.5","32.1","89.2","Laterite","108.5","4.471"
"Haryana","Ludhiana","2016","Zaid","Soybean","21.04","85.344","749.5","34.7","69.5","Laterite","59.1","3.985"
"Maharashtra","Mysuru","2022","Zaid","Cotton","171.71","700.672","1332.3","26.6","57.8","Laterite","101","4.013"
"Punjab","Amritsar","2010","Kharif","Cotton","190.53","1113.079","1286","27","58.8","Laterite","259.2","5.81"
"Haryana","Karnal","2008","Kharif","Soybean","182.63","950.241","1157.7","23.6","81.4","Sandy","208.3","5.179"
"Tamil Nadu","Coimbatore","2012","Rabi","Wheat","188.27","1110.673","711.4","18.7","44.8","Laterite","176.7","5.842"
"Maharashtra","Amritsar","2006","Rabi","Cotton","142.02","469.551","549.2","35.3","41.4","Laterite","72.8","3.352"
"Karnataka","Coimbatore","2010","Zaid","Rice","84.45","554.806","1382.9","27.4","93.8","Alluvial","209.9","6.662"
"Karnataka","Karnal","2023","Zaid","Sugarcane","132.51","884.634","868.9","20.7","45.3","Sandy","158.9","6.679"
"Punjab","Kanpur","2011","Kharif","Soybean","191.73","1144.497","1146.5","37.4","79.7","Laterite","322","6.01"
"Tamil Nadu","Nashik","2018","Zaid","Sugarcane","128.53","821.978","507.2","32.6","87.3","Laterite","78","6.389"
"Haryana","Mysuru","2016","Kharif","Sugarcane","118.47","949.403","1105","38.2","65.9","Alluvial","186.5","8.024"
"Punjab","Nashik","2012","Rabi","Sugarcane","40.1","341.146","751.4","25.1","60.8","Alluvial","238.9","8.662"
"Karnataka","Ludhiana","2008","Kharif","Rice","24.36","159.348","1497.5","21","81.1","Laterite","208.6","6.722"
"Tamil Nadu","Mysuru","2020","Kharif","Soybean","184.61","995.648","1060","22.9","80.5","Clay","231.8","5.338"
"Haryana","Mysuru","2022","Kharif","Wheat","65.17","384.11","969","25.4","71.5","Clay","127.8","6.029"
"Punjab","Nagpur","2005","Rabi","Rice","204.21","1227.95","1411.4","35.8","43.2","Laterite","195.8","6.069"
"Punjab","Nashik","2009","Kharif","Maize","94.54","525.366","1180.9","35.5","77","Laterite","115.1","5.519"
"Tamil Nadu","Nashik","2011","Rabi","Cotton","47.35","281.947","1545.2","36.3","46.5","Laterite","293.6","6.02"
"Punjab","Mysuru","2017","Kharif","Cotton","51.33","310.031","1448.8","30.1","83.3","Laterite","321.1","6.151"
"Punjab","Mysuru","2008","Kharif","Wheat","52.17","324.501","1599.8","34.3","42.5","Sandy","98.5","6.429"
"Maharashtra","Karnal","2007","Zaid","Rice","65.57","370.39","1038.4","22.6","69.7","Alluvial","184.2","5.632"
"Uttar Pradesh","Nashik","2012","Zaid","Maize","213.36","1077.529","1251.4","36","45.5","Sandy","257.6","5.077"
"Tamil Nadu","Mysuru","2013","Kharif","Soybean","112.1","518.001","568.4","24.8","71.8","Red","118.5","4.529"
"Haryana","Ludhiana","2007","Kharif","Soybean","210.32","1313.625","1330.4","31","56.6","Clay","287.2","6.204"
"Haryana","Amritsar","2006","Kharif","Wheat","47.5","335.588","1163.9","24","53","Clay","233.3","7.025"
"Tamil Nadu","Karnal","2009","Rabi","Cotton","106.52","511.653","1232.4","37.5","73.6","Alluvial","65.9","4.778"
"Haryana","Ludhiana","2013","Rabi","Soybean","213","1189.063","750.8","36.7","72.6","Alluvial","282.2","5.551"
"Uttar Pradesh","Kanpur","2007","Zaid","Sugarcane","150.76","1174.203","1099.7","37.2","50.6","Clay","261.2","7.833"
"Uttar Pradesh","Mysuru","2011","Rabi","Sugarcane","239.38","2062.553","916.7","23.4","52.2","Sandy","325.1","8.625"
"Punjab","Mysuru","2008","Kharif","Soybean","39.9","152.325","697.5","36.9","43.7","Black","95.2","3.948"
"Maharashtra","Ludhiana","2013","Kharif","Cotton","114","492.306","603.3","18.8","94.1","Clay","187.8","4.329"
"Karnataka","Ludhiana","2020","Rabi","Cotton","86.81","475.007","1381.1","24.6","80.6","Laterite","181.8","5.443"
"Haryana","Kanpur","2010","Zaid","Rice","164.54","979.154","734.5","37.6","94.2","Clay","308.7","5.915"
"Uttar Pradesh","Nagpur","2008","Zaid","Rice","112.75","549.252","823.4","34","88.2","Sandy","44.4","4.859"
"Haryana","Karnal","2009","Zaid","Rice","45.2","235.408","915","19.7","66","Alluvial","58","5.113"
"Karnataka","Kanpur","2013","Rabi","Sugarcane","155.78","1270.71","1292.6","21.8","76.6","Laterite","124.1","8.116"
"Maharashtra","Ludhiana","2013","Zaid","Wheat","121.07","673.174","915.9","24.1","83.8","Clay","107.5","5.49"
"Maharashtra","Nashik","2011","Kharif","Rice","213.73","1370.082","1278","29.5","69.7","Clay","201.7","6.459"
"Karnataka","Nashik","2012","Rabi","Wheat","176.46","1219.086","876.5","24.9","49.4","Alluvial","266.9","6.891"
"Maharashtra","Kanpur","2018","Kharif","Cotton","172.95","988.049","1240.9","26.3","92.2","Clay","300.5","5.647"
"Uttar Pradesh","Nashik","2010","Zaid","Soybean","229.19","1130.082","1309.9","34","50.2","Black","94.7","4.936"
"Karnataka","Nashik","2016","Kharif","Maize","64.6","326.705","1350.7","37.8","49.6","Red","54","5.175"
"Haryana","Kanpur","2005","Rabi","Soybean","153.92","912.122","1131.8","31.1","77.9","Alluvial","165.2","5.924"
"Karnataka","Nashik","2007","Zaid","Rice","36.09","214.714","1247.5","28.1","86.9","Clay","73.9","5.93"
"Karnataka","Coimbatore","2010","Rabi","Cotton","115.78","602.266","1155.2","30.4","42.9","Laterite","314","5.264"
"Punjab","Coimbatore","2015","Kharif","Soybean","193.21","1172.193","1032.9","37.6","71.1","Black","331.9","6.113"
"Punjab","Coimbatore","2006","Zaid","Soybean","12.06","62.785","767.7","18.9","51.9","Laterite","151.7","4.41"
"Maharashtra","Mysuru","2023","Rabi","Wheat","150.9","873.458","485.1","27.4","89.6","Black","45.8","5.842"
"Tamil Nadu","Coimbatore","2022","Rabi","Soybean","18.42","103.054","1238.5","36.4","50.1","Alluvial","275.7","6.067"
"Karnataka","Nagpur","2023","Zaid","Sugarcane","208.66","1829.369","1229.2","33.6","84.6","Alluvial","308","8.807"
"Uttar Pradesh","Karnal","2013","Zaid","Rice","29.23","129.849","570.2","27.8","85.2","Red","73.4","4.391"
"Maharashtra","Amritsar","2016","Zaid","Sugarcane","102.55","814.58","1381.8","19.8","72.2","Red","203.8","7.992"
"Punjab","Nagpur","2009","Rabi","Rice","242.01","1479.473","464.7","29.6","68.4","Alluvial","296.5","6.136"
"Karnataka","Mysuru","2019","Kharif","Rice","165.28","1041.299","1548.4","31","46.6","Red","213","6.371"
"Punjab","Mysuru","2019","Kharif","Cotton","232.05","1072.817","848.5","28.1","51.3","Laterite","153.4","4.584"
"Haryana","Amritsar","2007","Zaid","Soybean","142.78","765.628","1523.3","37.7","71.2","Black","246.5","5.384"
"Maharashtra","Nagpur","2007","Rabi","Wheat","161.74","1027.411","1244.9","32.9","53.4","Alluvial","193.1","6.351"
"Maharashtra","Karnal","2020","Zaid","Maize","96.16","437.074","1022","38.4","91.9","Laterite","49.6","4.46"
"Haryana","Kanpur","2014","Rabi","Soybean","209.44","983.147","1007.2","20.3","61.2","Red","120.4","4.666"
"Maharashtra","Amritsar","2013","Kharif","Soybean","183.51","917.672","1132.4","26.6","61.6","Laterite","162.2","5.029"
"Karnataka","Ludhiana","2005","Rabi","Wheat","233.5","1845.846","1251.7","32.4","84","Clay","308.3","7.879"
"Uttar Pradesh","Coimbatore","2009","Rabi","Rice","118.98","583.711","651.1","28.6","66.6","Red","66.5","4.832"
"Punjab","Ludhiana","2012","Rabi","Wheat","211.23","1247.453","946.9","23.8","45.5","Alluvial","89.8","5.962"
"Maharashtra","Coimbatore","2007","Rabi","Rice","99.49","506.452","754.6","38.7","78","Red","95.1","5.193"
"Haryana","Nashik","2011","Zaid","Wheat","149.16","969.035","969.7","29.3","56.7","Laterite","327.1","6.506"
"Haryana","Ludhiana","2005","Zaid","Wheat","214.33","1173.487","787.8","28.9","74.3","Alluvial","50.3","5.505"
"Tamil Nadu","Ludhiana","2008","Zaid","Rice","184.71","1061.539","904.8","24.3","65.7","Clay","289.8","5.779"
"Punjab","Mysuru","2020","Zaid","Rice","225.73","1237.343","1255.4","18","70","Clay","93.6","5.47"
"Tamil Nadu","Kanpur","2023","Kharif","Wheat","125.03","740.93","931.3","22.7","66","Clay","108.8","5.998"
"Maharashtra","Amritsar","2006","Kharif","Wheat","124.8","824.064","1349.1","33.9","92.1","Red","93.4","6.555"
"Haryana","Kanpur","2008","Rabi","Rice","218.78","1385.464","1592.1","32","40.3","Clay","61.1","6.308"
"Maharashtra","Coimbatore","2021","Zaid","Cotton","58.09","297.064","1221.7","32.2","74.7","Clay","293.9","5.15"
"Karnataka","Coimbatore","2005","Zaid","Soybean","213.92","887.286","649.5","23","57.3","Sandy","131.4","4.101"
"Maharashtra","Mysuru","2013","Kharif","Maize","23.86","132.897","862.6","21.4","52.8","Red","279.7","5.507"
"Maharashtra","Mysuru","2023","Rabi","Cotton","148.72","731.031","1194.8","34.3","80.6","Black","47.4","4.898"
"Uttar Pradesh","Nashik","2020","Rabi","Soybean","36.63","177.791","612.7","23.2","70.6","Clay","53.5","4.709"
"Uttar Pradesh","Ludhiana","2016","Rabi","Rice","98.06","558.383","608.4","30.7","84.8","Sandy","222.6","5.782"
"Tamil Nadu","Kanpur","2011","Kharif","Sugarcane","237.09","1642.216","781.9","22.5","62.8","Sandy","119.2","6.943"
"Haryana","Coimbatore","2011","Rabi","Soybean","220.5","1159.469","1323","30.9","69.5","Sandy","57.7","5.218"
"Haryana","Amritsar","2017","Zaid","Soybean","84.91","353.257","788.5","29","84.2","Alluvial","44.3","4.085"
"Karnataka","Amritsar","2019","Kharif","Rice","155.27","719.224","533.3","29.3","77","Clay","41.9","4.701"
"Haryana","Mysuru","2011","Rabi","Cotton","236.58","1451.274","1590","36","69.9","Laterite","249.7","6.183"
"Tamil Nadu","Mysuru","2016","Kharif","Wheat","189.61","1255.892","1337.7","26.9","52","Alluvial","69.5","6.661"
"Maharashtra","Ludhiana","2009","Zaid","Soybean","110.42","456.937","1186.8","22.6","63.4","Laterite","95.1","4.159"
"Haryana","Coimbatore","2009","Kharif","Sugarcane","96.94","689.197","809.5","19.1","56.6","Laterite","141.4","7.158"
"Maharashtra","Coimbatore","2006","Zaid","Sugarcane","134.04","1025.5","1427.6","37.2","48.3","Red","271.3","7.594"
"Punjab","Coimbatore","2007","Kharif","Sugarcane","166.5","1172.096","671.1","21.6","72.6","Laterite","71.2","7.024"
"Punjab","Mysuru","2012","Zaid","Maize","167.39","741.972","806.7","18.2","40","Black","129.2","4.478"
"Karnataka","Ludhiana","2009","Kharif","Wheat","127.46","962.475","1478.7","27.1","56.5","Red","288.1","7.49"
"Punjab","Amritsar","2014","Rabi","Cotton","29.33","127.294","737.7","33.1","66.8","Red","153.7","4.456"
"Maharashtra","Nashik","2019","Kharif","Maize","77.19","411.151","1379.9","21.1","84.4","Red","130.6","5.32"
"Punjab","Kanpur","2019","Rabi","Sugarcane","194.61","1753.984","1068.3","30.5","85.5","Red","331.2","8.964"
"Haryana","Mysuru","2019","Kharif","Cotton","43.38","230.638","1067.6","35.1","75.3","Laterite","261.3","5.1"
"Tamil Nadu","Nashik","2014","Kharif","Cotton","116.41","576.538","936.8","27.9","88.7","Alluvial","176.8","4.981"
"Punjab","Nashik","2017","Zaid","Cotton","84.73","356.067","925.5","37.1","75.1","Clay","105.5","4.213"
"Punjab","Kanpur","2013","Rabi","Soybean","178.56","883.872","543.9","35","64.4","Clay","265.8","4.908"
"Punjab","Kanpur","2020","Zaid","Sugarcane","50.46","423.966","1330.4","21.7","64","Alluvial","274.1","8.622"
"Maharashtra","Nashik","2005","Rabi","Maize","160.64","738.266","953.5","38.1","74.9","Sandy","79.2","4.635"
"Punjab","Coimbatore","2021","Zaid","Wheat","205.13","1316.504","1508.2","34.8","41.3","Black","132","6.375"
"Karnataka","Amritsar","2012","Zaid","Wheat","86.65","450.448","724.2","21.1","61.1","Red","165.8","5.135"
"Uttar Pradesh","Nagpur","2008","Zaid","Soybean","80.89","412.627","1071.6","22.2","85.8","Sandy","213.8","5.221"
"Maharashtra","Coimbatore","2023","Zaid","Cotton","121.32","378.52","470.9","37.1","87.1","Laterite","93","3.167"
"Haryana","Coimbatore","2017","Zaid","Soybean","207.11","1095.175","919.3","22.4","87.1","Clay","251.2","5.313"
"Haryana","Ludhiana","2006","Rabi","Sugarcane","97.19","820.51","884.6","25.3","57.1","Laterite","249.2","8.395"
"Maharashtra","Mysuru","2015","Rabi","Maize","193.21","1146.303","1335.2","32.9","69.5","Red","246.9","5.92"
"Haryana","Nagpur","2010","Rabi","Cotton","64.92","349.06","730.8","30","69.6","Alluvial","304.3","5.557"
"Tamil Nadu","Nagpur","2020","Kharif","Rice","131.97","799.102","1336.3","33.5","68.9","Clay","59","6.062"
"Uttar Pradesh","Ludhiana","2013","Kharif","Cotton","151.98","802.812","1550.9","32.6","62.9","Sandy","227.3","5.208"
"Karnataka","Karnal","2009","Kharif","Rice","174.36","894.508","554.7","19.6","78.5","Alluvial","184.1","5.105"
"Tamil Nadu","Nashik","2014","Rabi","Rice","150.58","1078.967","1142.6","23.1","70.2","Clay","332.4","7.184"
"Maharashtra","Amritsar","2006","Rabi","Rice","47.46","242.604","454.5","30.6","65.6","Black","173.8","5.097"
"Uttar Pradesh","Nashik","2012","Kharif","Sugarcane","57.63","459.394","642.6","33.4","91.8","Clay","324.9","8.053"
"Maharashtra","Karnal","2007","Zaid","Wheat","214.45","1280.39","715.1","29.6","66","Laterite","283.2","5.937"
"Karnataka","Nagpur","2013","Kharif","Wheat","217.72","1463.764","1154.4","37.7","87.4","Sandy","330.6","6.77"
"Uttar Pradesh","Coimbatore","2012","Rabi","Soybean","122.46","706.498","1364.4","37.9","42.2","Sandy","258.2","5.788"
"Haryana","Karnal","2015","Rabi","Sugarcane","167.5","1458.175","1193.3","26.6","55.4","Clay","257.3","8.73"
"Uttar Pradesh","Nagpur","2012","Kharif","Wheat","244.56","1529.503","1007.9","19.1","47.8","Red","252.8","6.277"
"Punjab","Ludhiana","2023","Rabi","Cotton","143.54","725.193","1067.3","19.6","46.5","Black","179.5","5.094"
"Uttar Pradesh","Amritsar","2022","Zaid","Rice","200.86","1123.198","719.1","28.5","77.4","Clay","270","5.579"
"Uttar Pradesh","Ludhiana","2009","Kharif","Rice","91.72","537.657","791.8","30.4","51.6","Sandy","319.2","5.911"
"Tamil Nadu","Ludhiana","2020","Rabi","Soybean","114.71","602.028","1086.3","23.8","88.5","Laterite","96.1","5.352"
"Karnataka","Karnal","2012","Zaid","Maize","244.75","955.417","511","22.4","61.3","Black","59.3","3.873"
"Punjab","Amritsar","2021","Kharif","Cotton","42.76","209.264","522.8","20.4","83.9","Laterite","321","4.632"
"Maharashtra","Amritsar","2005","Rabi","Soybean","33.48","167.333","1249.1","30.1","40.2","Sandy","100","4.771"
"Haryana","Karnal","2016","Rabi","Soybean","167.94","855.185","1039.7","19.7","71.3","Clay","125.4","5.119"
"Maharashtra","Coimbatore","2021","Rabi","Maize","131.73","761.059","1081.7","31.2","73.9","Red","280.2","5.826"
"Punjab","Nashik","2009","Rabi","Cotton","165.88","801.146","855.1","24.9","83.7","Red","141.2","4.814"
"Karnataka","Ludhiana","2007","Kharif","Sugarcane","152.95","1240.066","1206.6","25.8","75.1","Clay","146.5","8.09"
"Punjab","Coimbatore","2006","Zaid","Soybean","165.44","702.176","529.2","38.7","64.8","Sandy","186","4.286"
"Karnataka","Kanpur","2017","Rabi","Wheat","99.45","643.496","829.3","27.7","67.4","Red","306.7","6.552"
"Haryana","Coimbatore","2012","Kharif","Wheat","164.68","1141.215","968.1","29.9","92.2","Alluvial","229.5","6.939"
"Uttar Pradesh","Nagpur","2013","Kharif","Cotton","115.62","636.182","954.1","26.1","88.3","Clay","321.4","5.479"
"Maharashtra","Karnal","2020","Rabi","Maize","82.34","457.958","546.2","18.9","84.5","Black","332.6","5.529"
"Karnataka","Mysuru","2007","Zaid","Rice","107.05","672.228","1154","30.3","63.4","Black","275.6","6.387"
"Maharashtra","Amritsar","2012","Kharif","Soybean","5.38","12.624","797.4","35.9","70.5","Black","74.5","4.261"
"Karnataka","Coimbatore","2007","Kharif","Rice","86.75","501.362","1315.9","38.9","60.3","Alluvial","156.2","5.784"
"Haryana","Amritsar","2021","Kharif","Cotton","209.14","1215.087","980.5","26.5","88.2","Clay","243.3","5.841"
"Karnataka","Coimbatore","2013","Zaid","Soybean","239.97","1323.574","1163.2","25.1","61.4","Laterite","338.9","5.531"
"Karnataka","Amritsar","2021","Kharif","Cotton","222.43","1000.949","602.8","29.7","63.5","Black","122.1","4.514"
"Tamil Nadu","Kanpur","2007","Zaid","Rice","44.25","248.865","1465.3","20","49.7","Sandy","189.1","5.493"
"Maharashtra","Kanpur","2020","Zaid","Wheat","244.7","1235.186","479.7","22.4","74.4","Black","172.7","5.031"
"Tamil Nadu","Kanpur","2015","Zaid","Maize","10.63","56.857","1193.4","19.9","75.7","Laterite","161.4","5.217"
"Haryana","Mysuru","2016","Kharif","Soybean","170.54","869.878","622.7","38.1","58.4","Laterite","322.2","5.089"
"Karnataka","Kanpur","2014","Rabi","Sugarcane","36.76","302.758","1066.7","33.2","50.7","Laterite","245.3","8.081"
"Maharashtra","Nashik","2009","Rabi","Rice","215.59","1385.951","1522.4","23.2","90.3","Black","129.9","6.392"
"Tamil Nadu","Karnal","2007","Zaid","Wheat","33.39","179.818","1012.8","30.3","73.9","Black","88.1","5.607"
"Punjab","Amritsar","2005","Zaid","Sugarcane","50.49","383.133","1510.2","25.2","57.2","Red","103.6","7.618"
"Tamil Nadu","Mysuru","2014","Kharif","Soybean","243.26","1298.024","841.8","34.9","69.8","Clay","209.4","5.308"
"Tamil Nadu","Ludhiana","2009","Rabi","Rice","198.06","1339.704","1163.1","37.7","88","Red","261.1","6.802"
"Karnataka","Mysuru","2013","Rabi","Soybean","103.39","584.269","955.9","31.2","51.1","Clay","314.1","5.625"
"Punjab","Kanpur","2006","Kharif","Rice","198.68","1359.945","1243.5","34.3","56.7","Sandy","312.8","6.86"
"Punjab","Karnal","2006","Rabi","Wheat","148.51","1013.097","1073.1","34.6","76.4","Laterite","231.3","6.747"
"Maharashtra","Nashik","2021","Kharif","Cotton","145.26","740.645","1543.8","29.2","51.8","Alluvial","86.5","5.096"
"Uttar Pradesh","Karnal","2005","Kharif","Maize","242.82","1463.434","1389.4","27.3","89.3","Laterite","131","6.012"
"Uttar Pradesh","Amritsar","2019","Zaid","Wheat","202.67","1190.546","554.8","32.2","74.9","Sandy","291.4","5.86"
"Karnataka","Nagpur","2015","Rabi","Wheat","188.06","1284.598","769.2","23","71","Red","265","6.826"
"Maharashtra","Nashik","2023","Rabi","Sugarcane","165.8","1551.143","1471.5","27.9","72.5","Clay","233.4","9.297"
"Tamil Nadu","Mysuru","2006","Zaid","Soybean","6.27","20.225","1114.9","37.2","57.9","Red","67.6","4.039"
"Maharashtra","Kanpur","2007","Kharif","Sugarcane","147.57","1283.097","1496.9","26.7","85","Sandy","221.8","8.705"
"Haryana","Coimbatore","2020","Kharif","Wheat","240.13","1463.975","454.3","35.6","74.5","Clay","235.8","6.117"
"Uttar Pradesh","Nashik","2011","Zaid","Cotton","109.57","438.224","1050.6","22.2","48.6","Laterite","73.1","4.015"
"Maharashtra","Amritsar","2015","Rabi","Cotton","14.84","69.205","1159.1","31.5","81.7","Sandy","103.4","4.596"
"Haryana","Nagpur","2015","Rabi","Soybean","63.16","281.089","890","29.2","62.6","Red","121.3","4.604"
"Karnataka","Nagpur","2018","Zaid","Sugarcane","131.35","1073.202","1111.1","28.3","60.4","Clay","217.4","8.083"
"Tamil Nadu","Nagpur","2010","Zaid","Soybean","92.05","565.861","1290.9","32.8","82.3","Laterite","330.9","6.181"
"Maharashtra","Amritsar","2022","Kharif","Cotton","78.73","326.502","483.5","27.4","82.3","Sandy","233.3","4.156"
"Punjab","Nashik","2010","Zaid","Rice","195.29","1083.825","803.2","29.8","40.5","Red","268.3","5.536"
"Haryana","Amritsar","2022","Zaid","Rice","56.42","387.153","1439","25","71.2","Sandy","254","6.745"
"Maharashtra","Nagpur","2017","Zaid","Cotton","56.61","229.552","946.3","19.6","59.6","Laterite","147.2","4.138"
"Tamil Nadu","Karnal","2014","Rabi","Rice","80.49","535.558","1236.2","34.5","68.5","Alluvial","228","6.527"
"Haryana","Kanpur","2014","Kharif","Soybean","22.57","110.536","1126.4","35.5","65.1","Black","77.5","5.119"
"Haryana","Coimbatore","2021","Kharif","Cotton","69.44","334.387","1073.6","33.1","86.4","Clay","178.9","4.899"
"Karnataka","Nagpur","2010","Kharif","Sugarcane","5.09","40.012","1270.4","33.8","46.4","Black","138.9","7.743"
"Tamil Nadu","Kanpur","2021","Rabi","Wheat","31.9","201.392","597.7","34.1","69.9","Alluvial","243.6","6.285"
"Karnataka","Nagpur","2015","Rabi","Wheat","15.21","96.158","829.1","38.5","85.3","Red","227.4","6.013"
"Uttar Pradesh","Mysuru","2012","Rabi","Cotton","51.62","288.295","1180.2","31","64.8","Alluvial","219.7","5.645"
"Uttar Pradesh","Kanpur","2011","Rabi","Sugarcane","111.96","985.485","1308.9","24.2","63.7","Black","257.1","8.778"
"Maharashtra","Amritsar","2007","Rabi","Wheat","67.14","473.926","1182.8","25","92.5","Sandy","295.8","6.956"
"Tamil Nadu","Karnal","2019","Rabi","Soybean","84.8","561.73","1586.4","30.2","87.9","Laterite","242.7","6.577"
"Haryana","Kanpur","2022","Rabi","Maize","113.53","703.618","1327.4","25.7","94.3","Laterite","99.9","6.195"
"Maharashtra","Amritsar","2009","Kharif","Maize","241.41","1345.901","786","30.9","57.2","Sandy","329.2","5.547"
"Uttar Pradesh","Coimbatore","2012","Rabi","Soybean","146.61","826.382","1128.7","24.2","79.6","Clay","157.4","5.61"
"Karnataka","Nagpur","2015","Zaid","Maize","138.94","694.116","487.1","33.6","86","Red","285.3","4.985"
"Haryana","Nagpur","2021","Zaid","Sugarcane","203.86","1761.324","1465.6","30.8","82.6","Black","215.9","8.659"
"Haryana","Mysuru","2005","Kharif","Wheat","141.14","913.095","810.9","36.5","74.7","Alluvial","166.7","6.417"
"Uttar Pradesh","Kanpur","2015","Kharif","Cotton","100.93","439.363","1046.9","35.7","44.5","Laterite","155","4.261"
"Haryana","Nashik","2010","Kharif","Sugarcane","145.44","1122.732","604.8","32.3","40","Sandy","287","7.778"
"Punjab","Nashik","2013","Zaid","Maize","189.58","1180.752","1090.8","33.5","91.1","Black","294.4","6.185"
"Karnataka","Karnal","2017","Rabi","Sugarcane","65.72","576.228","1013.1","29.3","92.4","Alluvial","222.9","8.844"
"Punjab","Nashik","2023","Zaid","Cotton","121.05","625.876","1361.6","25.9","59.3","Laterite","184.7","5.234"
"Maharashtra","Karnal","2012","Kharif","Sugarcane","237.27","1777.425","722.4","37.8","81.2","Alluvial","179.7","7.5"
"Haryana","Mysuru","2015","Kharif","Maize","212.22","1089.41","757.7","23.8","44.5","Alluvial","199.2","5.099"
"Uttar Pradesh","Nashik","2017","Rabi","Cotton","67.32","300.142","795.9","36.8","53.2","Red","163.5","4.503"
"Maharashtra","Coimbatore","2013","Zaid","Maize","212.71","1189.879","1536.8","24.5","89.7","Clay","49.1","5.553"
"Tamil Nadu","Amritsar","2008","Kharif","Cotton","179.15","894.045","783.6","36","60.8","Red","275.6","5.029"
"Karnataka","Mysuru","2013","Rabi","Wheat","210.14","1392.814","1084.8","28.5","88.9","Red","109.7","6.599"
"Punjab","Karnal","2015","Zaid","Rice","197.2","1032.831","613.7","33.4","42","Laterite","195.8","5.239"
"Maharashtra","Amritsar","2015","Zaid","Sugarcane","237.86","1783.458","824.4","32.1","44.1","Black","293","7.487"
"Punjab","Nashik","2013","Zaid","Cotton","133.91","516.865","988.4","36.1","59.1","Red","76.6","3.812"
"Haryana","Mysuru","2008","Zaid","Maize","83.79","440.26","955.6","19.6","66.8","Red","240.5","5.277"
"Haryana","Coimbatore","2014","Kharif","Cotton","180.6","988.425","1017","21.7","57.9","Clay","301.2","5.509"
"Tamil Nadu","Nashik","2015","Kharif","Soybean","7.92","30.614","685.2","25.8","43.8","Laterite","256.5","5.128"
"Haryana","Amritsar","2013","Kharif","Maize","205.31","1426.462","1391.5","32.6","75.8","Alluvial","281.1","6.942"
"Maharashtra","Amritsar","2011","Rabi","Cotton","72.16","284.979","697.7","22.6","50.3","Red","176.3","4.092"
"Maharashtra","Amritsar","2023","Zaid","Wheat","118.04","675.683","824.1","29.4","91.7","Laterite","197.3","5.764"
"Uttar Pradesh","Coimbatore","2022","Rabi","Rice","244.19","1548.844","1235.2","34.6","58","Red","318.8","6.378"
"Punjab","Mysuru","2021","Zaid","Maize","123.46","780.912","1077","28.2","82.8","Alluvial","295.2","6.275"
"Haryana","Amritsar","2021","Kharif","Wheat","57.93","411.545","1269.5","34.6","92.5","Black","238.6","6.954"
"Uttar Pradesh","Amritsar","2008","Rabi","Maize","149.78","774.301","758.2","38.3","73.2","Laterite","232.6","5.221"
"Tamil Nadu","Amritsar","2010","Kharif","Wheat","146.79","863.982","639.8","33.9","61","Laterite","287.6","5.909"
"Maharashtra","Kanpur","2011","Rabi","Soybean","64.26","308.991","1211.6","34.1","55.9","Alluvial","67.2","4.796"
"Haryana","Amritsar","2007","Rabi","Maize","110.37","554.8","478.7","22.9","54.2","Black","243.3","5.082"
"Karnataka","Nagpur","2011","Rabi","Rice","105.17","630.208","1020.8","28","47","Laterite","193.7","5.901"
"Maharashtra","Ludhiana","2016","Kharif","Maize","67.48","416.144","1047.8","35.1","84.9","Red","278","6.038"
"Uttar Pradesh","Kanpur","2009","Zaid","Soybean","36.05","187.886","1354.8","22.3","67.4","Sandy","225.7","5.32"
"Tamil Nadu","Karnal","2015","Zaid","Soybean","67.55","311.31","1129.2","38.8","63.4","Red","192.8","4.502"
"Tamil Nadu","Kanpur","2011","Kharif","Rice","144.72","783.199","1378.6","35.6","80.3","Sandy","77.4","5.36"
"Tamil Nadu","Karnal","2018","Kharif","Sugarcane","99.56","818.905","1041.2","35.6","52.9","Sandy","225","8.17"
"Haryana","Ludhiana","2013","Zaid","Rice","246.34","951.746","686.2","37.8","40","Laterite","54","3.881"
"Punjab","Nagpur","2005","Kharif","Cotton","8.33","35.773","1519.2","22.5","47.8","Black","209.6","5.555"
"Punjab","Karnal","2005","Zaid","Rice","181.97","1079.587","1309","38.8","43.3","Sandy","204.9","5.902"
"Punjab","Ludhiana","2009","Kharif","Rice","70.38","462.648","1451.8","38.8","58.6","Clay","167.7","6.548"
"Karnataka","Kanpur","2018","Rabi","Maize","157","993.735","1166.5","36.1","82.3","Clay","288.5","6.355"
"Karnataka","Nashik","2006","Rabi","Soybean","26.5","131.098","552.3","29.2","55.8","Laterite","192.4","4.615"
"Uttar Pradesh","Mysuru","2020","Kharif","Sugarcane","105.02","798.753","864.3","21.8","91.7","Laterite","114.6","7.64"
"Tamil Nadu","Mysuru","2021","Zaid","Wheat","112.32","655.319","1156.7","27.6","41","Red","91.2","5.797"
"Maharashtra","Kanpur","2019","Zaid","Cotton","98.75","427.559","1332","32","44.7","Laterite","155","4.273"
"Maharashtra","Mysuru","2011","Rabi","Wheat","164.95","1048.377","476.9","28.8","54.9","Black","233.2","6.363"
"Maharashtra","Amritsar","2022","Kharif","Sugarcane","199.68","1562.014","693.2","27.8","61.7","Laterite","244","7.768"
"Maharashtra","Kanpur","2021","Zaid","Rice","154.08","863.738","542.1","26.7","61.4","Black","291","5.622"
"Haryana","Ludhiana","2006","Rabi","Cotton","246.96","1313.577","1139.8","20.6","88.7","Red","255.7","5.353"
"Tamil Nadu","Kanpur","2006","Zaid","Rice","238.2","1244.976","1257.9","23.7","41","Red","59.3","5.269"
"Haryana","Kanpur","2014","Zaid","Rice","16.48","76.472","864.1","24.2","66.1","Laterite","146.1","4.974"
"Uttar Pradesh","Ludhiana","2018","Kharif","Wheat","150.07","1029.582","1314.3","21.5","91.5","Black","122.9","6.886"
"Maharashtra","Amritsar","2015","Kharif","Wheat","144.29","910.048","1024.7","20.9","57","Black","223.3","6.235"
"Karnataka","Amritsar","2017","Rabi","Maize","148.18","950.8","1440.6","27.5","40.5","Alluvial","209.9","6.401"
"Karnataka","Ludhiana","2017","Kharif","Maize","27.65","166.39","765.2","23.3","89","Black","174.1","5.685"
"Uttar Pradesh","Amritsar","2011","Zaid","Maize","75.52","364.935","791.1","29.4","66.2","Clay","152.1","4.827"
"Tamil Nadu","Nashik","2018","Zaid","Maize","132.2","839.543","1542.7","31.4","61.9","Red","281.6","6.433"
"Maharashtra","Nagpur","2022","Zaid","Rice","69.66","341.46","1064.6","35.3","53.7","Clay","56.1","4.764"
"Maharashtra","Ludhiana","2015","Rabi","Rice","249.56","1226.027","1218.2","36.6","44.1","Red","86.9","4.938"
"Haryana","Nagpur","2007","Kharif","Maize","44.07","278.369","1532","32.6","79.9","Red","305.2","6.582"
"Tamil Nadu","Nagpur","2013","Kharif","Rice","27.35","149.935","597.5","20.6","63.5","Laterite","191.9","5.164"
"Karnataka","Nagpur","2016","Kharif","Sugarcane","56.99","400.354","558.4","28.3","66.3","Red","49.5","7.032"
"Tamil Nadu","Coimbatore","2018","Kharif","Sugarcane","222.08","1809.049","1319","26.9","45","Sandy","250.7","8.168"
"Tamil Nadu","Karnal","2007","Kharif","Maize","50.48","256.87","932.7","22.3","58.8","Alluvial","131.4","5.041"
"Tamil Nadu","Karnal","2015","Zaid","Sugarcane","8.31","47.969","834.9","29.4","56.4","Alluvial","62.2","7.036"
"Haryana","Amritsar","2014","Rabi","Maize","21.58","122.468","1334","34","88.6","Alluvial","58.2","5.828"
"Haryana","Kanpur","2013","Zaid","Sugarcane","151.71","1057.625","1019.4","31.9","42","Sandy","51.3","7.003"
"Punjab","Coimbatore","2016","Kharif","Rice","42.18","247.284","1380.8","36.4","41","Laterite","130.1","5.91"
"Tamil Nadu","Kanpur","2018","Kharif","Wheat","28.67","173.631","705.1","25.1","74.9","Alluvial","297.8","6.405"
"Maharashtra","Ludhiana","2015","Rabi","Sugarcane","228.09","1516.946","465.6","37.2","56.1","Clay","120","6.641"
"Maharashtra","Karnal","2006","Kharif","Rice","97.51","516.891","947","34.3","62.7","Laterite","184.5","5.385"
"Uttar Pradesh","Kanpur","2018","Rabi","Cotton","81.98","421.044","758.2","34.2","42.4","Clay","329.8","5.103"
"Uttar Pradesh","Kanpur","2020","Kharif","Rice","46.92","295.242","758.6","20","40.3","Clay","335.6","6.139"
"Haryana","Karnal","2021","Rabi","Maize","98.59","619.065","1497.7","22.2","47.3","Sandy","218.9","6.337"
"Haryana","Amritsar","2013","Kharif","Sugarcane","22.06","168.217","1091.8","19","44.4","Alluvial","204.3","7.979"
"Haryana","Ludhiana","2016","Kharif","Cotton","192.32","868.886","1105.9","21.4","42.2","Black","96.1","4.468"
"Maharashtra","Amritsar","2010","Zaid","Wheat","105.27","568.964","892.4","23","65.5","Laterite","153.9","5.439"
"Maharashtra","Ludhiana","2006","Kharif","Cotton","109.76","479.62","693","35.4","75.6","Sandy","235.7","4.418"
"Uttar Pradesh","Kanpur","2014","Kharif","Sugarcane","173.88","1337.68","856","23.9","77","Black","104.9","7.696"
"Haryana","Coimbatore","2009","Kharif","Maize","40.91","224.105","596.6","36.6","92.8","Black","233","5.72"
"Uttar Pradesh","Amritsar","2019","Kharif","Cotton","214.32","1230.952","1142.5","31.6","85.3","Black","229.4","5.688"
"Haryana","Nashik","2006","Rabi","Rice","246.36","1519.793","986.6","32.8","80.9","Sandy","222.5","6.197"
"Uttar Pradesh","Mysuru","2009","Rabi","Sugarcane","35.93","327.219","1198.6","21.7","53","Sandy","296.1","8.865"
"Maharashtra","Nagpur","2021","Kharif","Cotton","22.71","106.583","588.8","29.6","56.1","Laterite","295","4.68"
"Haryana","Coimbatore","2011","Kharif","Soybean","215.83","1170.275","1107.4","29.1","94.8","Red","210.7","5.368"
"Karnataka","Mysuru","2019","Rabi","Sugarcane","218.27","1711.295","1179.9","37.1","94.2","Laterite","88.9","7.876"
"Karnataka","Nashik","2012","Zaid","Sugarcane","20.84","165.42","1112.3","22.9","45.7","Sandy","248.9","7.429"
"Maharashtra","Ludhiana","2011","Zaid","Rice","189.37","941.81","468.7","20.4","79","Sandy","275.2","5.032"
"Punjab","Nagpur","2005","Kharif","Maize","146.44","974.769","1504.2","20.9","93.4","Black","179.3","6.694"
"Punjab","Coimbatore","2011","Kharif","Cotton","165.01","760.316","771.2","26.8","48","Alluvial","112.3","4.558"
"Karnataka","Nagpur","2021","Kharif","Sugarcane","204.22","1729.432","887.2","28.3","53","Clay","305.2","8.42"
"Karnataka","Coimbatore","2008","Kharif","Wheat","67.93","348.824","578.7","26","67.6","Red","42","5.032"
"Haryana","Mysuru","2017","Kharif","Maize","113.28","581.814","831.7","28.2","92.1","Black","48.4","5.114"
"Haryana","Karnal","2006","Kharif","Wheat","11.24","68.196","547.8","36.1","93.9","Alluvial","89.8","5.231"
"Uttar Pradesh","Nagpur","2019","Rabi","Sugarcane","175.32","1549.787","1518.2","27.9","81.2","Clay","96.2","8.866"
"Uttar Pradesh","Nagpur","2021","Rabi","Rice","22.45","128.379","704.8","36.7","82.5","Clay","140","5.665"
"Uttar Pradesh","Nashik","2011","Kharif","Maize","171.73","1037.884","1002.4","24.7","68.2","Black","236.8","6.06"
"Punjab","Ludhiana","2022","Zaid","Soybean","53.93","296.424","1485.7","32.6","74.9","Laterite","132.1","5.337"
"Punjab","Amritsar","2016","Rabi","Soybean","116.26","585.646","458.7","23.2","91.9","Clay","132.2","5.009"
"Maharashtra","Nagpur","2022","Kharif","Cotton","121.49","595.047","1256.7","21.3","70.5","Clay","147.6","4.944"
"Tamil Nadu","Mysuru","2006","Zaid","Maize","23.09","97.303","518.4","33.9","44.6","Sandy","131.5","4.37"
"Tamil Nadu","Amritsar","2014","Kharif","Maize","122.34","723.583","773.2","18.5","60.8","Alluvial","279.6","5.89"
"Uttar Pradesh","Ludhiana","2015","Kharif","Wheat","120.12","702.92","885.1","19.5","89.7","Black","62.5","5.831"
"Maharashtra","Karnal","2020","Rabi","Maize","102.46","553.506","949.9","34.5","71.7","Laterite","200.8","5.287"
"Haryana","Ludhiana","2015","Rabi","Rice","203.31","1101.834","538.6","28.2","58.5","Clay","58.2","5.418"
"Punjab","Mysuru","2011","Zaid","Soybean","172.95","827.925","899.7","24.8","74.8","Sandy","177.1","4.805"
"Tamil Nadu","Kanpur","2014","Kharif","Maize","54.11","315.85","1441.6","33.2","43.9","Black","83.7","5.669"
"Tamil Nadu","Kanpur","2023","Zaid","Maize","180.46","845.869","802.8","36","74.3","Laterite","145.7","4.715"
"Uttar Pradesh","Kanpur","2007","Rabi","Soybean","121.86","623.837","1023.5","24.8","54.1","Sandy","164.7","5.052"
"Maharashtra","Nagpur","2007","Kharif","Rice","227.6","1355.016","669.7","20.5","53.7","Black","269.8","5.939"
"Tamil Nadu","Mysuru","2013","Zaid","Soybean","181","1035.657","1236.5","33.4","91.8","Black","231.9","5.697"
"Karnataka","Nagpur","2021","Rabi","Wheat","94.75","699.671","1213.9","35.5","69.7","Clay","304.9","7.434"
"Karnataka","Mysuru","2006","Zaid","Rice","55.62","297.679","1068.5","36.4","62.6","Clay","228.5","5.53"
"Karnataka","Kanpur","2010","Zaid","Soybean","117.26","635.182","1574.1","21.3","83.4","Black","169.2","5.335"
"Punjab","Nagpur","2007","Zaid","Soybean","91.23","529.211","1376.8","18.4","85.2","Red","211.4","5.7"
"Uttar Pradesh","Amritsar","2019","Rabi","Soybean","59.54","286.084","780.5","38.8","55.4","Laterite","184.1","4.731"
"Tamil Nadu","Karnal","2010","Kharif","Maize","22.72","107.495","1079.8","18.4","40.2","Sandy","151.7","5.035"
"Haryana","Kanpur","2006","Rabi","Rice","33.74","221.37","912.5","31.2","78","Alluvial","258.6","6.238"
"Uttar Pradesh","Amritsar","2023","Kharif","Maize","187.73","840.807","769.2","18.8","63.9","Laterite","140.3","4.433"
"Uttar Pradesh","Mysuru","2005","Rabi","Soybean","160.77","938.626","1303.8","23.3","68.6","Black","197.2","5.852"
"Karnataka","Coimbatore","2012","Kharif","Wheat","248.5","1661.337","1338.7","32.6","88.8","Alluvial","40.9","6.642"
"Haryana","Nashik","2008","Zaid","Cotton","168.99","801.45","684.3","29.4","49","Black","254.7","4.713"
"Karnataka","Coimbatore","2018","Kharif","Cotton","23.41","136.133","1249.1","37.5","70.5","Clay","234.3","5.341"
"Tamil Nadu","Karnal","2013","Kharif","Rice","152.36","867.475","1340.7","21.6","43.4","Alluvial","101.9","5.752"
"Karnataka","Nagpur","2021","Kharif","Sugarcane","223.42","1714.2","805.1","18.3","70.9","Alluvial","127.7","7.69"
"Maharashtra","Nagpur","2015","Rabi","Wheat","51.93","350.173","1590.7","20.7","76.3","Alluvial","196.7","6.903"
"Tamil Nadu","Ludhiana","2009","Zaid","Maize","97.54","514.234","1392.5","21.4","78.6","Black","117.6","5.23"
"Uttar Pradesh","Ludhiana","2014","Kharif","Rice","23.59","157.188","985.9","28.5","90.3","Clay","305.8","6.994"
"Tamil Nadu","Amritsar","2010","Rabi","Cotton","65.18","298.849","565.1","18.9","85","Red","121.5","4.496"
"Haryana","Ludhiana","2016","Kharif","Wheat","68.57","489.735","1423.9","38.2","94.1","Black","280.3","7.304"
"Tamil Nadu","Nagpur","2014","Rabi","Soybean","230.32","1237.815","926.8","20.2","72.5","Red","202.8","5.327"
"Maharashtra","Nashik","2019","Zaid","Cotton","103.72","560.065","1427.1","25.9","92.5","Laterite","267.3","5.34"
"Karnataka","Ludhiana","2021","Rabi","Maize","61.87","410.483","875.9","28.3","68.1","Black","308.8","6.654"
"Haryana","Nagpur","2017","Kharif","Cotton","13.04","71.614","691.2","34.8","44.2","Black","255.4","4.863"
"Uttar Pradesh","Ludhiana","2021","Kharif","Soybean","184.77","929.822","1028.3","32.4","83.8","Laterite","111.8","5.015"
"Haryana","Coimbatore","2006","Zaid","Wheat","116.35","695.656","582.4","24.3","84.8","Red","211.8","6.034"
"Maharashtra","Karnal","2010","Zaid","Maize","236.98","1178.129","1236","21.3","45.3","Black","155.8","4.944"
"Maharashtra","Karnal","2007","Zaid","Soybean","19.99","95.818","787.7","38.7","79.7","Sandy","247.6","4.233"
"Punjab","Kanpur","2023","Kharif","Wheat","45.02","314.303","1544.4","25.3","78.7","Laterite","157.6","7.148"
"Punjab","Amritsar","2020","Rabi","Rice","229.93","1323.584","952","18.5","66.4","Laterite","115.9","5.803"
"Uttar Pradesh","Nagpur","2016","Kharif","Sugarcane","179.5","1341.294","1269","34.4","93.5","Black","46.5","7.493"
"Maharashtra","Mysuru","2006","Kharif","Sugarcane","134.78","1017.545","633.7","31.7","43.4","Clay","335","7.635"
"Tamil Nadu","Ludhiana","2021","Kharif","Maize","241.81","1358.424","1464.9","19.5","73.6","Black","132.1","5.571"
"Tamil Nadu","Coimbatore","2008","Rabi","Sugarcane","49.58","430.055","1396.1","26.2","60.3","Black","181.3","8.678"
"Karnataka","Amritsar","2018","Zaid","Rice","248.21","1266.923","1001","28.7","49","Alluvial","162.2","5.099"
"Karnataka","Nagpur","2005","Rabi","Wheat","202.84","1304.3","1340.6","38.4","44.7","Clay","108.4","6.479"
"Tamil Nadu","Nagpur","2013","Kharif","Wheat","43.53","299.859","1212.1","26","85","Black","239.7","7.031"
"Karnataka","Ludhiana","2012","Rabi","Sugarcane","38.35","261.286","894","20.2","60.8","Laterite","46.5","6.881"
"Tamil Nadu","Coimbatore","2017","Rabi","Sugarcane","186.61","1485.85","535.5","20.7","58.9","Alluvial","278.3","7.935"
"Haryana","Kanpur","2012","Rabi","Soybean","89.36","515.548","1275","22.1","90.1","Laterite","178.6","5.738"
"Punjab","Karnal","2005","Kharif","Sugarcane","145.69","1092.465","836.7","21.3","51","Red","104.8","7.421"
"Tamil Nadu","Nagpur","2020","Kharif","Rice","109.83","744.195","808","18.9","86.9","Clay","328.6","6.734"
"Punjab","Coimbatore","2015","Kharif","Soybean","53.06","323.303","1281.3","37.7","69.4","Black","304.9","6.112"
"Punjab","Amritsar","2022","Rabi","Sugarcane","178.69","1430.658","1543.9","35.8","89.4","Red","66.8","8.017"
"Haryana","Karnal","2021","Zaid","Wheat","80.91","484.174","1197.1","33.8","65","Clay","96.7","5.884"
"Punjab","Mysuru","2008","Zaid","Sugarcane","238.5","1902.778","1021.2","32.5","90.2","Black","225.9","8.028"
"Karnataka","Nagpur","2016","Rabi","Soybean","123.2","649.675","807","26.3","82.8","Black","117.3","5.236"
"Maharashtra","Coimbatore","2020","Rabi","Wheat","5.26","33.993","655","38.9","52.7","Sandy","197.8","5.607"
"Karnataka","Ludhiana","2013","Zaid","Wheat","120.84","813.037","1011.5","32.3","89.3","Alluvial","270.5","6.806"
"Tamil Nadu","Karnal","2015","Kharif","Rice","185.28","1197.535","1564.4","19.4","55.3","Alluvial","173.8","6.499"
"Uttar Pradesh","Nashik","2019","Zaid","Soybean","171.33","790.903","1261.5","32.2","86.8","Laterite","102","4.611"
"Uttar Pradesh","Nagpur","2022","Zaid","Wheat","171.35","1014.765","651.8","32.2","88.7","Sandy","194.4","5.9"
"Haryana","Coimbatore","2011","Kharif","Sugarcane","244","1744.064","684.2","27.3","75.5","Red","74.5","7.131"
"Karnataka","Karnal","2017","Rabi","Soybean","151.12","944.956","1390.6","28.6","52.6","Red","283.7","6.255"
"Maharashtra","Kanpur","2019","Kharif","Sugarcane","33.58","268.466","1528.9","27.9","56.3","Alluvial","148.6","8.105"
"Uttar Pradesh","Ludhiana","2017","Zaid","Wheat","64.96","359.547","1348.8","36.9","66.4","Laterite","57.4","5.461"
"Uttar Pradesh","Mysuru","2016","Kharif","Maize","232.36","1230.178","723.3","24.4","87.3","Clay","204.1","5.262"
"Punjab","Amritsar","2017","Kharif","Cotton","239.05","1167.609","894.2","26.6","72.7","Laterite","196.6","4.917"
"Karnataka","Amritsar","2021","Kharif","Sugarcane","118.11","954.94","1261.9","34.9","46.2","Clay","288.6","8.18"
"Uttar Pradesh","Ludhiana","2016","Zaid","Maize","71.58","316.508","789","27.2","82.4","Laterite","89.3","4.581"
"Karnataka","Nagpur","2020","Kharif","Rice","44.97","288.773","864.7","38.5","76.5","Black","330.3","6.248"
"Maharashtra","Kanpur","2016","Rabi","Rice","22.16","143.974","1243.6","23.3","51.7","Red","267.7","6.312"
"Punjab","Coimbatore","2014","Zaid","Maize","204.46","1021.362","777.1","32.3","94.3","Alluvial","161.4","5.014"
"Haryana","Kanpur","2011","Rabi","Soybean","60.24","313.025","694.8","30.3","70.4","Laterite","246.8","5.022"
"Karnataka","Mysuru","2023","Kharif","Maize","13.45","84.922","1198.3","24.7","56.6","Clay","48.2","5.444"
"Tamil Nadu","Nashik","2016","Zaid","Soybean","112.89","522.77","771.8","26.7","66.2","Clay","145.1","4.699"
"Uttar Pradesh","Amritsar","2012","Kharif","Wheat","208.03","1300.763","1307.1","33.3","71.9","Red","74.4","6.247"
"Maharashtra","Coimbatore","2006","Kharif","Sugarcane","207.64","1580.52","930.2","31.9","84","Red","74.2","7.555"
"Karnataka","Karnal","2006","Zaid","Soybean","228.09","1172.812","949","38.5","41.4","Black","268.2","5.109"
"Tamil Nadu","Nagpur","2018","Kharif","Wheat","66.3","456.656","1442.9","35","67.3","Clay","136.7","6.939"
"Karnataka","Amritsar","2012","Rabi","Cotton","68.77","399.953","1489.7","30.9","82.5","Alluvial","181.1","5.778"
"Uttar Pradesh","Amritsar","2015","Kharif","Wheat","71.86","451.641","1118.1","36.5","78.2","Black","224.1","6.452"
"Punjab","Coimbatore","2011","Zaid","Soybean","84.91","409.791","462.1","27.8","40.5","Black","275.1","4.931"
"Maharashtra","Karnal","2007","Kharif","Cotton","189.55","758.905","1108","21.5","49.6","Red","84.4","3.99"
"Uttar Pradesh","Amritsar","2006","Rabi","Sugarcane","219.63","2046.574","1599.7","25.3","92.1","Laterite","283.3","9.367"
"Punjab","Amritsar","2023","Rabi","Rice","115.01","568.354","517.1","34.3","62.4","Laterite","73.6","4.927"
"Punjab","Amritsar","2020","Kharif","Maize","5.98","32.311","485.6","37.5","84.9","Laterite","283","5.169"
"Punjab","Mysuru","2015","Zaid","Maize","231.97","1175.544","502","37.1","41.1","Black","253.3","5.078"
"Punjab","Coimbatore","2017","Kharif","Cotton","227.13","1015.408","1440.6","38.4","46","Red","78.2","4.464"
"Uttar Pradesh","Mysuru","2011","Zaid","Maize","158.33","692.552","457.4","38.4","57.8","Sandy","181.6","4.304"
"Karnataka","Nagpur","2006","Zaid","Soybean","181.93","820.301","997.8","21.2","71.3","Alluvial","48.3","4.56"
"Haryana","Nagpur","2020","Rabi","Sugarcane","126.29","972.749","848.9","23.6","65.8","Laterite","143.8","7.693"
"Punjab","Amritsar","2005","Kharif","Rice","237.36","1368.292","485.7","34.8","54.2","Sandy","304.7","5.768"
"Haryana","Kanpur","2007","Rabi","Rice","191.9","1209.416","816.8","37.5","89.7","Alluvial","191.2","6.282"
"Uttar Pradesh","Kanpur","2022","Zaid","Wheat","54.09","250.641","549.9","30","49.6","Red","71.2","4.521"
"Uttar Pradesh","Karnal","2022","Zaid","Cotton","174.24","650.694","514.7","37.7","79.3","Red","139.6","3.758"
"Karnataka","Nashik","2023","Kharif","Wheat","53.99","287.795","649.5","35.2","82.8","Red","136.2","5.312"
"Uttar Pradesh","Nashik","2022","Kharif","Cotton","17.21","81.621","623.8","32.9","82.2","Alluvial","267.1","5.039"
"Uttar Pradesh","Nashik","2007","Kharif","Cotton","11.97","39.55","693.4","25.4","71.7","Red","41.5","4.081"
"Punjab","Amritsar","2019","Rabi","Maize","167.34","920.302","710.8","30.4","70.5","Red","206.6","5.548"
"Karnataka","Mysuru","2015","Zaid","Cotton","178.05","605.092","594.3","31.5","43.1","Alluvial","110.2","3.44"
"Haryana","Kanpur","2014","Kharif","Soybean","126.71","773.604","1580.8","20.8","68.5","Red","303.8","6.084"
"Haryana","Karnal","2020","Zaid","Sugarcane","15.42","107.551","818.3","33.8","44.7","Alluvial","208.9","7.312"
"Punjab","Ludhiana","2017","Zaid","Rice","139.5","817.548","1336.9","21.9","65.7","Sandy","161.3","5.943"
"Maharashtra","Ludhiana","2022","Zaid","Wheat","109.87","577.378","835.7","32.7","59.8","Alluvial","41.5","5.246"
"Tamil Nadu","Coimbatore","2014","Rabi","Maize","115.78","558.007","536.7","33.3","91.6","Sandy","106.2","4.823"
"Tamil Nadu","Coimbatore","2007","Kharif","Maize","60.9","338.227","557.1","28.7","67.8","Alluvial","193.1","5.475"
"Punjab","Nashik","2009","Rabi","Soybean","40.17","167.627","454.2","25.8","40.1","Red","158.9","4.392"
"Tamil Nadu","Amritsar","2016","Rabi","Rice","115.57","600.447","914.1","34.9","43","Sandy","126.2","5.276"
"Punjab","Nashik","2019","Kharif","Maize","163.51","765.417","743.7","37.8","43","Alluvial","138.2","4.683"
"Haryana","Coimbatore","2009","Rabi","Cotton","100.95","458.253","857.9","20.8","94.2","Sandy","143.8","4.582"
"Karnataka","Coimbatore","2020","Kharif","Soybean","242.5","1381.222","938.6","28.5","40.7","Black","294","5.737"
"Uttar Pradesh","Karnal","2019","Kharif","Soybean","153.66","710.102","716.3","25.1","45.2","Clay","135.3","4.659"
"Haryana","Kanpur","2010","Rabi","Soybean","67.33","322.804","622.7","23.8","69.2","Clay","162.6","4.83"
"Haryana","Mysuru","2012","Kharif","Maize","157.74","682.654","784.2","33.3","75.3","Laterite","65.8","4.348"
"Tamil Nadu","Mysuru","2020","Rabi","Sugarcane","15.22","111.367","718","22.6","83.5","Sandy","143.9","7.396"
"Karnataka","Kanpur","2018","Zaid","Soybean","44.41","249.729","1474.7","36.2","64.6","Sandy","306.4","5.621"
"Karnataka","Coimbatore","2011","Rabi","Soybean","16.12","87.978","1310","19.6","62.8","Red","280.7","5.681"
"Punjab","Coimbatore","2020","Kharif","Soybean","231.36","1013.102","1014.9","18.2","69.7","Red","46","4.391"
"Karnataka","Kanpur","2009","Rabi","Cotton","88.56","433.096","1233.3","35.4","74.6","Black","52.3","4.843"
"Karnataka","Mysuru","2021","Kharif","Soybean","146.66","719.5","1065.9","21.6","50.9","Sandy","135.9","4.985"
"Punjab","Ludhiana","2021","Kharif","Cotton","88.48","348.192","541.6","38.8","51.9","Sandy","112.3","3.933"
"Karnataka","Mysuru","2006","Rabi","Wheat","73.2","500.82","904.2","28","57.6","Red","189.7","6.697"
"Maharashtra","Kanpur","2020","Rabi","Maize","17.95","85.912","831.5","22.1","79.1","Laterite","96.4","5.048"
"Tamil Nadu","Ludhiana","2013","Rabi","Rice","128.58","677.588","556.2","23","43.7","Clay","134.9","5.276"
"Uttar Pradesh","Nashik","2021","Rabi","Rice","240.32","1564.691","955.8","30.1","47.7","Alluvial","308","6.535"
"Punjab","Amritsar","2014","Zaid","Rice","101.14","478.986","560.3","25.7","64.4","Sandy","46.4","4.725"
"Uttar Pradesh","Kanpur","2012","Zaid","Wheat","132.02","776.805","857","29.6","76.1","Red","133.4","5.834"
"Uttar Pradesh","Ludhiana","2022","Kharif","Rice","153.71","799.596","663.8","21.5","66.8","Sandy","104.2","5.174"
"Uttar Pradesh","Coimbatore","2007","Rabi","Sugarcane","220.35","1809.39","808.7","20.3","61.3","Red","292.1","8.201"
"Karnataka","Ludhiana","2010","Rabi","Soybean","37.54","216.243","1275.7","21.6","48.6","Black","214.7","5.763"
"Tamil Nadu","Mysuru","2008","Rabi","Cotton","156.8","873.774","892.4","19","77.6","Alluvial","303.8","5.533"
"Punjab","Nashik","2013","Zaid","Sugarcane","60.12","454.923","741.3","21.1","89.3","Clay","113.8","7.527"
"Karnataka","Ludhiana","2007","Rabi","Sugarcane","116.6","1025.433","1594.5","33.6","51.2","Clay","190.9","8.761"
"Uttar Pradesh","Nashik","2021","Rabi","Rice","222.33","1275.277","1223.4","26.8","47","Red","57.7","5.767"
"Punjab","Kanpur","2010","Zaid","Cotton","27.83","114.97","677.6","31.5","57.2","Sandy","141","3.991"
"Tamil Nadu","Nagpur","2005","Zaid","Wheat","98.59","544.29","1526.9","25.5","46.2","Sandy","59.1","5.61"
"Punjab","Mysuru","2022","Kharif","Cotton","209.51","1071.696","833.1","25.7","50.6","Red","285.8","5.089"
"Karnataka","Mysuru","2021","Kharif","Soybean","142.01","791.043","1515.1","21.7","87.7","Sandy","65.2","5.514"
"Karnataka","Ludhiana","2022","Rabi","Rice","70.71","411.783","624.6","24.1","83.6","Laterite","282.8","5.948"
"Uttar Pradesh","Kanpur","2014","Rabi","Rice","182.44","1358.716","1332.6","33.8","87.6","Alluvial","310.2","7.408"
"Tamil Nadu","Mysuru","2007","Kharif","Wheat","211.89","1259.414","1211.5","31","65.9","Red","41.8","5.981"
"Uttar Pradesh","Amritsar","2021","Kharif","Cotton","184.32","807.785","1156","18.4","52.1","Red","221.9","4.427"
"Karnataka","Nagpur","2009","Rabi","Cotton","163.12","690.735","681.9","33.1","60.9","Clay","124.4","4.21"
"Tamil Nadu","Coimbatore","2009","Kharif","Sugarcane","157.52","1184.759","549.9","28.7","58.2","Sandy","295.5","7.581"
"Karnataka","Mysuru","2021","Zaid","Rice","22.49","144.471","968.7","22.6","90.2","Sandy","309.4","6.366"
"Haryana","Nashik","2006","Rabi","Cotton","203.65","1325.84","1474.4","28.7","76.9","Clay","264.3","6.559"
"Tamil Nadu","Coimbatore","2010","Zaid","Soybean","9.54","44.942","1163.7","32","52.4","Alluvial","147.3","4.648"
"Tamil Nadu","Ludhiana","2017","Zaid","Wheat","84.03","425.232","608.4","35.6","84.1","Clay","87.2","5.07"
"Haryana","Karnal","2019","Zaid","Sugarcane","170.22","1282.763","990.9","29.5","40.6","Sandy","170.3","7.56"
"Punjab","Mysuru","2019","Kharif","Wheat","132.02","876.954","1551.5","31.2","45.2","Black","46.8","6.71"
"Maharashtra","Mysuru","2007","Rabi","Maize","200.81","962.92","902.5","27.7","75.5","Black","54.6","4.84"
"Tamil Nadu","Ludhiana","2008","Rabi","Maize","136.56","934.72","1522.6","35.6","54.9","Black","247.2","6.814"
"Maharashtra","Kanpur","2023","Rabi","Maize","188.77","1177.5","1523.8","35.6","93.4","Sandy","253.1","6.26"
"Haryana","Nashik","2022","Rabi","Maize","210.39","1168.67","782.4","35.3","47.6","Clay","205.6","5.589"
"Karnataka","Coimbatore","2022","Rabi","Sugarcane","31.61","270.66","956.3","30.8","80.6","Black","176.6","8.205"
"Karnataka","Kanpur","2020","Kharif","Sugarcane","72.17","614.531","1123.9","19","61.7","Black","261.4","8.443"
"Haryana","Ludhiana","2016","Kharif","Sugarcane","173.49","1241.373","661","31.2","50.9","Alluvial","119.6","7.104"
"Punjab","Amritsar","2018","Kharif","Maize","77.08","505.135","1290.6","35.5","79.7","Alluvial","338.4","6.447"
"Tamil Nadu","Mysuru","2019","Zaid","Sugarcane","213.87","1697.816","998","20.6","70.7","Sandy","260","7.968"
"Haryana","Amritsar","2013","Rabi","Sugarcane","210.19","1789.588","1370.6","21.7","74.7","Black","91.9","8.566"
"Punjab","Amritsar","2014","Kharif","Cotton","243.85","1230.059","605.5","29","50.6","Clay","219.1","5.023"
"Karnataka","Karnal","2009","Rabi","Sugarcane","203.57","1550.803","1125.6","27.9","70","Black","56.9","7.648"
"Uttar Pradesh","Nashik","2017","Kharif","Wheat","6.35","41.607","1299.3","25.3","51.9","Red","310.5","7.387"
"Uttar Pradesh","Nashik","2012","Kharif","Rice","111.57","601.528","643.4","36.8","47.7","Red","236.2","5.413"
"Uttar Pradesh","Amritsar","2016","Rabi","Maize","58.91","391.711","1573.2","31.8","50.6","Red","299.2","6.595"
"Maharashtra","Kanpur","2010","Zaid","Soybean","180","687.54","924","29.9","73","Sandy","96.2","3.853"
"Uttar Pradesh","Mysuru","2019","Zaid","Wheat","24.6","162.912","1499.4","30.3","52.7","Laterite","87.7","6.22"
"Uttar Pradesh","Nashik","2015","Rabi","Maize","136.72","781.927","760.1","36.8","86.8","Alluvial","209.7","5.687"
"Karnataka","Amritsar","2016","Rabi","Soybean","73.56","374.625","487.6","29.2","78.1","Laterite","323.7","5.226"
"Punjab","Ludhiana","2007","Rabi","Sugarcane","222.52","1878.578","1349","37.9","48.1","Sandy","271.3","8.396"
"Haryana","Kanpur","2023","Zaid","Cotton","222.54","1171.126","1108.2","22.5","85.6","Clay","269.4","5.223"
"Karnataka","Nagpur","2018","Rabi","Sugarcane","216.16","1514.311","533.1","37.1","75.7","Black","103.5","7.018"
"Karnataka","Coimbatore","2010","Kharif","Rice","224.35","1443.392","1293.5","32.2","54.1","Clay","252.6","6.435"
"Karnataka","Kanpur","2007","Kharif","Soybean","193.36","883.501","521.8","27.7","86.8","Sandy","95.5","4.548"
"Haryana","Ludhiana","2011","Rabi","Sugarcane","214.86","1736.494","1263.9","26.5","65.5","Sandy","164.6","8.075"
"Maharashtra","Ludhiana","2015","Rabi","Soybean","190.9","922.792","1177.5","20.1","42","Black","164.5","4.858"
"Punjab","Karnal","2008","Kharif","Rice","40.8","240.513","879.6","33.5","75.5","Red","286.6","6.091"
"Maharashtra","Karnal","2005","Kharif","Maize","49.73","273.065","865.9","21.2","69.1","Red","317.2","5.684"
"Uttar Pradesh","Mysuru","2006","Kharif","Sugarcane","8.09","56.231","559.3","35.3","44.5","Red","236.6","6.926"
"Punjab","Ludhiana","2015","Rabi","Soybean","198.15","1012.339","896.1","33.8","60.8","Black","159.1","5.06"
"Tamil Nadu","Nagpur","2022","Rabi","Cotton","125.33","606.892","532.4","22.8","85.4","Red","209.2","4.749"
"Tamil Nadu","Coimbatore","2010","Kharif","Maize","142.7","721.009","869.1","27.9","56.5","Red","46","5.033"
"Maharashtra","Nagpur","2013","Zaid","Soybean","117.11","606.235","1502.1","27.3","52","Alluvial","125.2","5.192"
"Maharashtra","Mysuru","2009","Zaid","Soybean","43.54","189.526","1129.3","25","66.3","Black","77","4.578"
"Uttar Pradesh","Ludhiana","2016","Rabi","Cotton","168.32","771.576","474.4","38.2","91.6","Alluvial","277.4","4.562"
"Karnataka","Nagpur","2008","Rabi","Maize","189.18","1201.542","928.5","28","63.6","Sandy","279.7","6.29"
"Haryana","Mysuru","2023","Zaid","Cotton","185.39","711.188","1096.4","33.7","45.9","Clay","73.1","3.827"
"Karnataka","Karnal","2010","Kharif","Maize","203.54","1135.206","1290.3","35.6","76.4","Red","162.3","5.595"
"Haryana","Coimbatore","2009","Kharif","Soybean","202.99","954.22","635.1","21.8","47","Black","214.9","4.689"
"Haryana","Ludhiana","2015","Zaid","Rice","69.77","411.032","1143.3","31","72.4","Clay","182.8","6.036"
"Karnataka","Mysuru","2018","Zaid","Maize","74.86","402.033","582.3","23","65","Laterite","280.1","5.301"
"Maharashtra","Coimbatore","2011","Rabi","Rice","116.68","631.205","1100.6","22.2","55.6","Sandy","109.8","5.366"
"Tamil Nadu","Nashik","2017","Zaid","Sugarcane","199.66","1710.701","1106.8","28.4","45.8","Clay","292.6","8.526"
"Maharashtra","Ludhiana","2020","Rabi","Soybean","45.35","232.802","1084.8","36","55.7","Sandy","235.9","5.021"
"Uttar Pradesh","Kanpur","2011","Rabi","Sugarcane","63.49","540.384","765.8","36.5","83.5","Alluvial","321.6","8.62"
"Karnataka","Mysuru","2012","Zaid","Rice","141.39","794.736","920.4","25.2","69.1","Alluvial","131.7","5.652"
"Punjab","Ludhiana","2022","Rabi","Soybean","95.93","628.992","961.3","26.7","85.6","Alluvial","261.1","6.464"
"Punjab","Kanpur","2009","Rabi","Rice","14.03","96.29","489.1","27.5","51.1","Sandy","260.4","6.072"
"Karnataka","Ludhiana","2010","Zaid","Rice","56.86","294.727","1017","22.4","41.7","Laterite","211.8","5.31"
"Punjab","Ludhiana","2017","Kharif","Sugarcane","240.51","1800.824","1444.9","31.4","51.8","Laterite","55.7","7.458"
"Karnataka","Coimbatore","2006","Zaid","Sugarcane","45.25","347.002","1011.9","31.4","81.1","Alluvial","219.5","7.81"
"Punjab","Nashik","2013","Zaid","Sugarcane","226.34","1746.045","938.5","37","91.8","Red","252.9","7.739"
"Haryana","Coimbatore","2009","Zaid","Soybean","121.42","634.569","827","38.2","66.8","Black","300.8","5.302"
"Uttar Pradesh","Karnal","2020","Rabi","Cotton","88.69","431.985","770.1","29.1","47.3","Alluvial","222.1","4.935"
"Tamil Nadu","Coimbatore","2008","Kharif","Sugarcane","221.32","1730.71","896.9","20.8","64.4","Sandy","255.1","7.871"
"Maharashtra","Mysuru","2008","Zaid","Cotton","72.09","322.838","818.1","24.6","87.3","Alluvial","202.1","4.463"
"Maharashtra","Coimbatore","2012","Rabi","Wheat","170.63","1177.498","1229.1","30.8","88","Red","203.7","6.854"
"Karnataka","Amritsar","2007","Rabi","Rice","233.76","1519.362","1538.2","18.2","75.2","Sandy","243.3","6.551"
"Uttar Pradesh","Ludhiana","2023","Zaid","Wheat","160.68","797.007","517.9","22.1","49.2","Clay","133.7","5.01"
"Maharashtra","Ludhiana","2014","Zaid","Wheat","125.21","700.383","1099.8","20","55","Alluvial","130.3","5.632"
"Maharashtra","Coimbatore","2012","Kharif","Soybean","161.25","967.181","1306.9","22.2","84.8","Red","309.3","5.985"
"Maharashtra","Coimbatore","2011","Zaid","Sugarcane","240.74","2024.346","1425.9","37.3","89","Sandy","273.9","8.386"
"Tamil Nadu","Amritsar","2017","Zaid","Sugarcane","168.07","1379.174","1391.9","26.7","56.3","Laterite","142","8.2"
"Haryana","Amritsar","2007","Kharif","Maize","225.86","1334.426","750.8","18.3","87.8","Alluvial","288.3","5.902"
"Punjab","Nashik","2022","Zaid","Rice","72.18","437.112","612.1","23.4","69.5","Alluvial","272.3","5.891"
"Punjab","Nagpur","2020","Kharif","Wheat","33.68","267.307","1577.6","36","90.6","Alluvial","185.8","7.616"
"Maharashtra","Ludhiana","2005","Rabi","Rice","125.81","781.654","1475.5","30.9","58","Clay","75.2","6.178"
"Tamil Nadu","Coimbatore","2017","Zaid","Rice","216.02","1203.176","944","38.3","65.7","Clay","222.7","5.579"
"Karnataka","Kanpur","2014","Kharif","Cotton","130.88","659.394","1105.1","29.7","47.3","Clay","190.7","5.016"
"Maharashtra","Nagpur","2008","Kharif","Maize","102.77","497.389","886","24.9","46.9","Sandy","231.2","4.942"
"Tamil Nadu","Coimbatore","2009","Rabi","Wheat","227.47","1311.311","556.8","32.4","65","Alluvial","202","5.814"
"Tamil Nadu","Coimbatore","2006","Zaid","Cotton","143.82","451.478","540.6","18.1","62.8","Laterite","71.5","3.078"
"Uttar Pradesh","Mysuru","2009","Kharif","Sugarcane","68.36","465.326","827.9","37","77.4","Laterite","80.6","6.905"
"Uttar Pradesh","Nagpur","2023","Kharif","Wheat","158.61","1058.584","951","24.7","78.6","Red","304.7","6.688"
"Haryana","Mysuru","2023","Zaid","Maize","176.41","869.858","980.9","35.2","76.3","Sandy","125.5","4.97"
"Tamil Nadu","Kanpur","2007","Rabi","Cotton","238.68","1127.249","1202.6","32.2","88.2","Clay","91.9","4.766"
"Tamil Nadu","Nashik","2012","Rabi","Wheat","39.79","241.089","450.7","37.1","78.5","Sandy","286.5","6.245"
"Tamil Nadu","Amritsar","2008","Rabi","Maize","52.29","315.553","532.6","18.8","85.9","Alluvial","237.5","5.853"
"Karnataka","Amritsar","2016","Zaid","Cotton","64.75","266.713","1214.5","31.5","40.5","Alluvial","84.8","4.289"
"Punjab","Ludhiana","2010","Kharif","Sugarcane","177.19","1429.3","1155.1","29","59.3","Black","58.8","8.071"
"Uttar Pradesh","Ludhiana","2006","Zaid","Maize","201.24","931.801","789.9","36.7","94.5","Red","80.9","4.678"
"Tamil Nadu","Karnal","2008","Kharif","Maize","249.44","1413.174","1105.6","34.6","75.3","Black","94.4","5.671"
"Haryana","Nashik","2015","Zaid","Rice","28.82","138.291","588.5","22.9","45.6","Alluvial","212.4","4.906"
"Punjab","Nashik","2005","Kharif","Wheat","182.87","1366.954","1241.7","22.2","59.9","Red","314.2","7.51"
"Tamil Nadu","Nashik","2005","Zaid","Maize","212.83","1017.686","644.1","31.6","41.9","Sandy","191","4.73"
"Karnataka","Karnal","2020","Rabi","Soybean","229.25","1127.92","1246.1","27.8","67.7","Black","42.6","4.893"
"Uttar Pradesh","Ludhiana","2023","Rabi","Wheat","189.35","1289.601","1443.6","35.9","70.8","Laterite","226.8","6.845"
"Karnataka","Nagpur","2015","Kharif","Maize","142.8","788.882","847.9","28.5","44.5","Laterite","308.2","5.572"
"Karnataka","Mysuru","2023","Rabi","Soybean","205.35","1130.409","1460.7","37.2","57.7","Clay","153","5.497"
"Maharashtra","Amritsar","2005","Kharif","Sugarcane","47.39","378.13","939.5","26.7","57","Laterite","147.4","7.747"
"Haryana","Amritsar","2009","Rabi","Cotton","87.22","358.392","943.6","34.1","54","Clay","59.7","4.046"
"Haryana","Amritsar","2008","Kharif","Wheat","227.13","1550.545","1350.8","38.6","72.8","Laterite","243.3","6.817"
"Punjab","Amritsar","2007","Zaid","Maize","228.09","1307.942","1164.4","27.1","44.3","Alluvial","282.2","5.758"
"Tamil Nadu","Kanpur","2012","Zaid","Wheat","218.2","1156.505","531.5","34.8","57.9","Alluvial","95.9","5.253"
"Tamil Nadu","Kanpur","2007","Kharif","Wheat","37.42","256.989","1598.3","26.5","48.7","Sandy","149","6.702"
"Uttar Pradesh","Ludhiana","2022","Zaid","Sugarcane","100.04","787.819","1366.2","22.7","69.8","Sandy","206.1","7.968"
"Uttar Pradesh","Mysuru","2009","Kharif","Soybean","83.16","418.06","1553.5","31.5","52.8","Alluvial","71.2","5.133"
"Tamil Nadu","Kanpur","2010","Rabi","Cotton","48.66","232.028","478.3","20.2","69.7","Clay","198.8","4.569"
"Uttar Pradesh","Nagpur","2019","Rabi","Wheat","85","461.975","469.8","34.4","80.4","Red","181","5.455"
"Uttar Pradesh","Nagpur","2018","Rabi","Wheat","221.26","1605.24","1296.5","31.5","74.1","Sandy","234.9","7.222"
"Uttar Pradesh","Mysuru","2013","Rabi","Cotton","95.79","433.318","875.1","35.9","61.2","Laterite","252.3","4.58"
"Karnataka","Kanpur","2012","Zaid","Cotton","210.86","893.501","824.1","37.8","65.8","Sandy","310.1","4.245"
"Maharashtra","Ludhiana","2012","Rabi","Maize","42.98","224.145","558.3","18.1","51.8","Laterite","303.4","5.485"
"Tamil Nadu","Amritsar","2010","Zaid","Soybean","52.78","286.39","1504.5","30.5","82.1","Alluvial","138.1","5.392"
"Karnataka","Mysuru","2012","Kharif","Cotton","96.13","495.09","1504.7","36.3","40.2","Laterite","198.5","5.093"
"Maharashtra","Nashik","2023","Zaid","Sugarcane","102.49","772.382","852.7","19.9","55.9","Red","293.3","7.503"
"Tamil Nadu","Karnal","2020","Rabi","Cotton","16.14","72.524","955","35.3","78.7","Black","201","5.144"
"Haryana","Nashik","2019","Rabi","Wheat","23.35","182.382","1400.3","24.3","67.6","Sandy","337.8","7.905"
"Tamil Nadu","Coimbatore","2012","Rabi","Rice","178.48","1197.188","986.3","23.5","49","Black","304.1","6.692"
"Karnataka","Amritsar","2010","Rabi","Soybean","47.32","261.388","695.9","34.9","80.3","Red","261","5.359"
"Punjab","Karnal","2022","Zaid","Soybean","105.1","444.311","896.7","19.1","46.4","Clay","58.9","4.159"
"Uttar Pradesh","Karnal","2014","Kharif","Wheat","22.21","121.551","1093.5","38.8","80.4","Laterite","60.9","5.842"
"Punjab","Kanpur","2017","Kharif","Maize","186.29","1229.202","1085.6","24.9","46","Red","330","6.579"
"Karnataka","Kanpur","2012","Rabi","Rice","150.4","1047.29","1559.3","27.9","76.4","Clay","197.8","6.974"
"Tamil Nadu","Kanpur","2008","Zaid","Sugarcane","65.11","453.602","464.4","26.5","89.3","Alluvial","158.9","7.151"
"Haryana","Kanpur","2023","Rabi","Soybean","182.98","863.983","650.6","37.5","60.5","Laterite","282.2","4.719"
"Punjab","Coimbatore","2008","Kharif","Soybean","116.97","706.162","1237.1","27.4","52.4","Sandy","253.8","5.973"
"Uttar Pradesh","Ludhiana","2011","Zaid","Soybean","16.91","91.266","1496.9","32.7","54.4","Black","162.1","5.409"
"Maharashtra","Ludhiana","2022","Zaid","Sugarcane","238.4","1902.103","1531.1","32.2","68.6","Alluvial","75.1","7.948"
"Karnataka","Kanpur","2019","Kharif","Cotton","203.97","742.818","479.1","25.7","69.2","Clay","101.2","3.682"
"Uttar Pradesh","Karnal","2011","Rabi","Maize","232.27","1356.264","536.4","31.9","80","Red","301.8","5.865"
"Haryana","Mysuru","2019","Zaid","Soybean","212.73","875.624","900.6","21.2","50.1","Alluvial","74.5","4.071"
"Tamil Nadu","Ludhiana","2011","Rabi","Cotton","51.71","270.312","845","36.1","65.8","Sandy","336","5.241"
"Uttar Pradesh","Kanpur","2016","Rabi","Wheat","185.53","1254.014","879.8","31.5","79.7","Clay","276.5","6.744"
"Punjab","Kanpur","2021","Zaid","Soybean","22.41","77.248","470.1","23.4","42.6","Sandy","60.7","3.273"
"Punjab","Ludhiana","2015","Kharif","Maize","96.24","472.917","595.6","32.2","92.6","Alluvial","61.5","4.836"
"Uttar Pradesh","Nagpur","2023","Rabi","Rice","151.84","909.166","843.3","22.7","65.3","Red","315.6","5.987"
"Uttar Pradesh","Amritsar","2009","Rabi","Cotton","21.99","108.389","802.5","26.1","50.5","Red","242.4","4.879"
"Maharashtra","Amritsar","2021","Kharif","Rice","41.97","264.02","1250.9","26.6","87.4","Black","125.2","6.081"
"Tamil Nadu","Kanpur","2020","Kharif","Rice","169.36","1235.974","1448.1","21.2","74.5","Alluvial","292.1","7.243"
"Haryana","Ludhiana","2014","Zaid","Maize","200.67","902.538","477.4","33.3","46.4","Clay","135.8","4.534"
"Punjab","Amritsar","2005","Rabi","Rice","187.06","913.205","553.1","24.4","57.2","Laterite","43.9","4.876"
"Punjab","Amritsar","2011","Rabi","Sugarcane","163.55","1264.465","516","19.8","58.8","Sandy","188.9","7.669"
"Uttar Pradesh","Mysuru","2022","Rabi","Sugarcane","150.49","1196.992","601.3","20.3","77.4","Alluvial","203.5","7.942"
"Karnataka","Nashik","2023","Zaid","Cotton","218.64","1014.344","1440.7","21.2","77.9","Clay","105.3","4.6"
"Punjab","Mysuru","2019","Kharif","Rice","182.54","1212.602","1405.6","25.9","86.9","Red","195.9","6.678"
"Punjab","Nashik","2008","Rabi","Sugarcane","214.43","1665.729","647.2","31.1","71.3","Black","154.1","7.729"
"Maharashtra","Kanpur","2010","Kharif","Maize","174.56","972.695","1546.4","32.2","75.6","Laterite","86.4","5.523"
"Maharashtra","Mysuru","2014","Kharif","Wheat","123.46","782.251","1243.1","19.6","93","Clay","168.8","6.379"
"Maharashtra","Ludhiana","2010","Rabi","Soybean","7.77","37.748","1001.7","23","52.4","Alluvial","186.8","4.974"
"Uttar Pradesh","Amritsar","2012","Zaid","Maize","21.89","98.689","967.3","36.7","70.2","Laterite","193.8","4.714"
"Maharashtra","Nashik","2005","Rabi","Maize","150.08","934.594","1416.4","38.9","86.3","Laterite","287.2","6.172"
"Haryana","Mysuru","2005","Zaid","Rice","206.84","1281.76","1562","29.9","69.6","Alluvial","72.2","6.193"
"Uttar Pradesh","Coimbatore","2006","Rabi","Soybean","6.77","49.925","1372.5","22.6","93.4","Black","255","6.311"
"Punjab","Ludhiana","2007","Rabi","Sugarcane","147.27","1243.728","979.2","27.8","70.8","Clay","239.4","8.433"
"Karnataka","Ludhiana","2013","Zaid","Soybean","51.45","255.782","608.7","26.6","80.4","Black","315.9","5.022"
"Uttar Pradesh","Ludhiana","2016","Zaid","Maize","94.84","495.666","765.8","22","42.9","Alluvial","266.4","5.181"
"Maharashtra","Nashik","2019","Rabi","Maize","222.96","1175.72","908.6","26.4","62.6","Black","86.9","5.223"
"Punjab","Nashik","2013","Kharif","Soybean","21.02","98.722","510.8","25.4","62.4","Sandy","147.7","4.316"
"Uttar Pradesh","Nashik","2011","Kharif","Sugarcane","127.03","1162.9","1478","35.5","66.7","Clay","310.5","9.212"
"Haryana","Karnal","2006","Zaid","Rice","246.97","1358.805","639.3","20.5","49.8","Sandy","322.8","5.51"
"Uttar Pradesh","Karnal","2017","Rabi","Wheat","16.25","101.819","911.3","25.3","60.1","Clay","103.3","5.995"
"Haryana","Karnal","2015","Rabi","Maize","143.21","865.23","1267.6","25.8","94.1","Sandy","73.6","5.997"
"Punjab","Nagpur","2007","Rabi","Maize","12.5","70.438","879.7","18.4","61.6","Black","179.9","5.763"
"Karnataka","Karnal","2018","Kharif","Maize","109.8","651.243","1267.6","18.9","84.1","Black","162.2","6.035"
"Punjab","Nashik","2016","Kharif","Soybean","111.77","555.221","1530.6","36.4","56.2","Sandy","90.6","5.023"
"Punjab","Coimbatore","2015","Rabi","Cotton","100.05","662.534","1475.4","29.3","76.7","Red","319.5","6.688"
"Haryana","Kanpur","2005","Kharif","Rice","96.38","576.799","816.4","27.7","57.2","Alluvial","226.1","5.912"
"Haryana","Karnal","2010","Rabi","Rice","153.59","827.639","857.9","36.5","78.4","Alluvial","64.5","5.373"
"Tamil Nadu","Coimbatore","2014","Zaid","Cotton","249.95","1335.135","1575.5","20.6","54.9","Sandy","300.3","5.306"
"Haryana","Nagpur","2008","Zaid","Soybean","158.5","764.129","1598.1","19.2","44.2","Sandy","109.5","4.874"
"Tamil Nadu","Nagpur","2010","Zaid","Maize","131.41","577.58","666.7","34.9","51","Sandy","127","4.447"
"Karnataka","Karnal","2009","Rabi","Cotton","244.77","1349.945","1509.3","33.5","68.7","Red","205.5","5.498"
"Haryana","Mysuru","2011","Kharif","Cotton","207.92","1067.828","688.8","37.4","70","Laterite","324.7","5.155"
"Maharashtra","Ludhiana","2009","Rabi","Cotton","224.3","1060.017","1105.5","21.2","58.8","Sandy","229.1","4.762"
"Punjab","Coimbatore","2005","Rabi","Sugarcane","244.96","1702.663","1049.3","35.2","40.3","Sandy","45","6.932"
"Maharashtra","Kanpur","2021","Rabi","Soybean","146.56","575.877","484.2","38.8","62","Red","176.1","3.902"
"Maharashtra","Karnal","2014","Zaid","Maize","92.07","508.999","850.9","24.9","73.1","Sandy","324.8","5.41"
"Maharashtra","Nagpur","2010","Zaid","Maize","171.09","962.591","1135.8","25.9","83.7","Alluvial","209.4","5.68"
"Uttar Pradesh","Coimbatore","2018","Rabi","Soybean","91.05","492.767","539.1","31.1","71.5","Red","282.3","5.378"
"Karnataka","Kanpur","2008","Kharif","Wheat","167.8","1232.164","1491.5","28.7","46","Black","303.9","7.321"
"Haryana","Coimbatore","2013","Zaid","Sugarcane","32.18","253.222","943.3","23.5","78.4","Laterite","231.7","7.9"
"Uttar Pradesh","Mysuru","2006","Rabi","Soybean","159.12","761.59","765","23.5","53.2","Alluvial","101.3","4.807"
"Karnataka","Nashik","2015","Rabi","Rice","202.34","1056.625","455.3","25.6","87.6","Sandy","54.4","5.267"
"Tamil Nadu","Amritsar","2017","Zaid","Cotton","21.14","85.577","550.5","24","68.1","Red","254.2","4.313"
"Karnataka","Nashik","2010","Rabi","Wheat","201.85","1258.905","733.1","35.8","50.5","Black","269.1","6.273"
"Haryana","Ludhiana","2019","Rabi","Wheat","191.86","1300.919","1340.7","32.2","71.8","Red","209.3","6.779"
"Karnataka","Karnal","2013","Rabi","Soybean","43.03","264.423","1440.2","21.6","47.2","Black","255.1","6.331"
"Maharashtra","Kanpur","2019","Kharif","Rice","81.72","520.287","1559.9","24.9","92.4","Clay","107.6","6.248"
"Karnataka","Coimbatore","2010","Rabi","Soybean","33.28","170.132","961.8","21","41.7","Clay","183.5","5.022"
"Karnataka","Karnal","2019","Rabi","Soybean","152.06","758.067","674","19.6","57.4","Laterite","175.5","4.911"
"Punjab","Nashik","2006","Zaid","Soybean","10.48","37.578","1033.9","27.2","64","Clay","125.9","4.683"
"Haryana","Kanpur","2018","Rabi","Maize","193.98","1212.94","1081.1","31.5","76.3","Alluvial","218.3","6.206"
"Tamil Nadu","Ludhiana","2015","Rabi","Maize","161.49","972.159","910.5","33.3","48.7","Black","231","6.08"
"Uttar Pradesh","Ludhiana","2018","Zaid","Cotton","235.45","922.53","597.9","31.5","70.8","Sandy","239.4","3.967"
"Haryana","Coimbatore","2006","Zaid","Sugarcane","216.3","1815.601","1478.8","19.3","90.4","Laterite","245.3","8.405"
"Maharashtra","Nagpur","2021","Kharif","Soybean","235.22","1463.211","1323.9","19.1","72","Alluvial","319","6.207"
"Haryana","Mysuru","2018","Zaid","Maize","42.18","258.114","1509.6","18.9","70.7","Clay","225.7","6.034"
"Maharashtra","Coimbatore","2006","Zaid","Rice","93.92","546.068","1396.3","21.8","46.3","Alluvial","158.7","5.844"
"Punjab","Nashik","2020","Kharif","Maize","163.88","935.111","979.1","32.7","93.9","Alluvial","185.3","5.678"
"Karnataka","Mysuru","2012","Zaid","Rice","105.95","666.494","1154.7","24.1","85.2","Black","281.6","6.352"
"Karnataka","Amritsar","2023","Rabi","Cotton","105.98","479.026","505.4","18.9","74.7","Sandy","171.3","4.486"
"Haryana","Mysuru","2005","Rabi","Rice","181.5","1184.242","1225.9","26.9","83","Alluvial","114","6.495"
"Uttar Pradesh","Coimbatore","2006","Rabi","Sugarcane","16.04","124.849","960.1","33.6","48.2","Red","170.7","7.715"
"Haryana","Mysuru","2010","Zaid","Sugarcane","31.58","239.055","748.6","27.2","75.3","Laterite","128.1","7.231"
"Punjab","Amritsar","2007","Zaid","Wheat","220.42","1380.564","804","19.4","88.7","Clay","212.5","6.247"
"Tamil Nadu","Amritsar","2011","Rabi","Cotton","67.71","384.759","556.5","28.2","68.3","Alluvial","292.1","5.52"
"Maharashtra","Karnal","2015","Kharif","Rice","57.1","304.238","759.8","30.9","91.9","Alluvial","202.1","5.442"
"Haryana","Mysuru","2008","Rabi","Sugarcane","67.25","463.548","537.9","38.5","46.2","Red","146.5","6.826"
"Uttar Pradesh","Nashik","2014","Kharif","Cotton","118.97","413.783","533.7","20","56.1","Red","91.1","3.415"
"Punjab","Amritsar","2017","Zaid","Cotton","49.63","216.031","903.6","20.1","90.9","Red","168.1","4.377"
"Maharashtra","Ludhiana","2020","Kharif","Soybean","23.24","119.618","1420.1","23.5","63.6","Sandy","81.1","4.876"
"Karnataka","Nagpur","2006","Zaid","Cotton","16.62","76.31","1543.4","36.9","71.9","Laterite","293.1","5.139"
"Haryana","Amritsar","2012","Kharif","Maize","230.52","1096.182","740.2","23.1","55","Red","40.1","4.734"
"Tamil Nadu","Ludhiana","2021","Zaid","Rice","186.7","911.577","522.4","29.5","61.5","Black","126.8","4.919"
"Maharashtra","Karnal","2020","Kharif","Sugarcane","87.7","643.739","1071.8","22.1","69.3","Alluvial","131.1","7.444"
"Karnataka","Karnal","2020","Rabi","Soybean","10.54","57.624","1522.6","32.3","44.9","Black","238","6.378"
"Karnataka","Karnal","2017","Kharif","Soybean","152.02","635.439","760.4","38.4","59.9","Sandy","128.1","4.153"
"Uttar Pradesh","Mysuru","2021","Rabi","Rice","11.6","69.506","1509.4","37.1","86.2","Alluvial","210.8","6.716"
"Uttar Pradesh","Coimbatore","2019","Rabi","Wheat","147.27","1067.573","1076.9","25.1","92.4","Clay","232.4","7.226"
"Haryana","Nashik","2015","Rabi","Soybean","182.38","1111.082","1381.9","35.7","92.4","Laterite","257.6","6.068"
"Haryana","Mysuru","2021","Zaid","Wheat","201.42","1357.918","1542.8","24.8","80.4","Laterite","193.1","6.773"
"Uttar Pradesh","Nashik","2023","Zaid","Soybean","58.46","241.052","473.8","21.4","50","Sandy","174.8","3.966"
"Punjab","Mysuru","2005","Kharif","Wheat","211.61","1484.913","949.7","28.1","51.3","Clay","295.3","7.064"
"Haryana","Amritsar","2016","Rabi","Maize","174.94","1011.851","1189","25","58.8","Red","126","5.82"
"Karnataka","Nashik","2009","Rabi","Soybean","209.02","1038.149","747.3","33.3","69.9","Black","156.9","4.95"
"Tamil Nadu","Mysuru","2009","Rabi","Soybean","30.43","150.279","576.1","36.1","45.4","Clay","306","5.3"
"Uttar Pradesh","Kanpur","2020","Zaid","Cotton","134.29","770.719","1476.8","28.2","52.6","Clay","297.6","5.734"
"Tamil Nadu","Kanpur","2007","Kharif","Maize","18.85","118.028","1004.5","38.7","83.6","Sandy","225.5","5.715"
"Maharashtra","Amritsar","2007","Zaid","Rice","189.02","1082.815","1580.7","32.1","90.1","Clay","79.3","5.791"
"Uttar Pradesh","Coimbatore","2017","Zaid","Maize","88.23","459.114","1013.5","33.1","62.3","Clay","114","5.122"
"Uttar Pradesh","Ludhiana","2006","Kharif","Cotton","42.85","223.49","1452.2","28.6","71.2","Red","136.3","5.414"
"Tamil Nadu","Amritsar","2022","Kharif","Soybean","146.22","769.904","618.2","30","68.5","Clay","325.8","5.29"
"Punjab","Kanpur","2018","Zaid","Maize","99","636.06","1333.5","25.9","67.2","Laterite","308.3","6.34"
"Haryana","Kanpur","2011","Kharif","Maize","120.06","603.9","460.9","31.9","52.8","Black","128.1","4.995"
"Uttar Pradesh","Mysuru","2013","Rabi","Maize","49.71","326.986","1565.5","23.6","61.5","Black","248.2","6.429"
"Karnataka","Karnal","2010","Zaid","Maize","104.78","592.697","474.9","28.6","86.2","Alluvial","315.5","5.648"
"Haryana","Coimbatore","2014","Kharif","Rice","153.1","824.095","592.2","24","68.6","Red","135.8","5.305"
"Haryana","Mysuru","2014","Zaid","Rice","175.12","843.897","566.6","32.3","40.2","Alluvial","182.4","4.763"
"Maharashtra","Coimbatore","2016","Kharif","Sugarcane","80.48","673.311","1133.4","25.1","67.6","Clay","198.2","8.232"
"Karnataka","Mysuru","2020","Kharif","Maize","240.4","1302.632","1287.1","30","50.9","Laterite","162.9","5.429"
"Maharashtra","Nagpur","2019","Zaid","Soybean","16.58","60.691","602.2","28.5","70.8","Sandy","70.8","3.57"
"Tamil Nadu","Kanpur","2012","Zaid","Rice","39.92","194.273","1039.3","23.6","45.3","Black","73.5","5.082"
"Uttar Pradesh","Coimbatore","2005","Zaid","Maize","197.36","961.864","1215","35.6","66.5","Red","159","4.9"
"Tamil Nadu","Coimbatore","2016","Zaid","Wheat","220.19","1321.88","1570.6","20.3","65.3","Clay","64.2","6.002"
"Maharashtra","Karnal","2010","Kharif","Soybean","14.85","77.984","566.8","32","74.4","Alluvial","166.6","4.605"
"Uttar Pradesh","Kanpur","2008","Zaid","Cotton","152.7","631.04","615.6","37.2","51.8","Clay","295.3","4.126"
"Haryana","Ludhiana","2013","Rabi","Rice","130.38","697.317","794.7","27.2","66.2","Sandy","114.6","5.333"
